query,feed_url,article_url,headline,headline_raw,pub_date_raw,source_label,source_domain,pub_datetime,collection_time,headline_key,has_food_term,has_price_term,has_topic_phrase,is_topic_relevant
Nigeria food prices,https://news.google.com/rss/search?q=Nigeria%20food%20prices&hl=en-NG&gl=NG&ceid=NG%3Aen,https://news.google.com/rss/articles/CBMi2wFBVV95cUxOZFdkd1BwM1ZTd2dWVVNWamo4ckZZMUNhc1I1bll2MWhhZEZ1RGV5MzlpcWVMRjczV0lfLTVoLW1YaXE3c0g5Q2FVWGZJdEJ1TFB0QjhZNTgwRnc0RDNjTnJhcmxhUVFIeUgyMjR1MGlOUGJtMDMxMTdvMEpYamZWNGVSOUZIYlVxSEpZUnV3c2ZBckZoaU1lakNXV0U1SVFwSTd3emlubVd2aFE1ZXV2M3hGbGRyZ3BtWENGaWVhdW9LbW4zWl9peVlSRUsyb21ZRVhGMDc3b2lnOW8?oc=5,Nigeria’s inflation rises to 15.69% in April as food prices remain elevated — NBS,Nigeria’s inflation rises to 15.69% in April as food prices remain elevated — NBS - Premium Times Nigeria,"Fri, 15 May 2026 07:00:00 GMT",Premium Times Nigeria,www.premiumtimesng.com,2026-05-15 07:00:00+00:00,2026-08-14 12:10:20.027787+00:00,nigerias inflation rises to 1569 in april as food prices remain elevated nbs,True,True,True,True
Nigeria food prices,https://news.google.com/rss/search?q=Nigeria%20food%20prices&hl=en-NG&gl=NG&ceid=NG%3Aen,https://news.google.com/rss/articles/CBMiowFBVV95cUxNUjZlNmlLM2NzdFZMdm04UWN3dlhJU3Q1ZzAtekIxN2kxcUxSbklWTEd3c3NSSlRkaGc1d1lReFMybFcxa2NsLTA2N0NzaFVFVUNwMVJSWExON3kyUGw2Y0MtUlVTdVI5dTcwaUs0WUUzcnJLWDV2VXdUeEZZRi0yRUxBS0FTS09WT0lNbmhuV3dDbDEzUHlvZks1dEt3NjFQTVZR?oc=5,Food inflation rate continues on a steady rise to 16.06% in April,Food inflation rate continues on a steady rise to 16.06% in April - Business News Nigeria,"Fri, 15 May 2026 07:00:00 GMT",Business News Nigeria,businessday.ng,2026-05-15 07:00:00+00:00,2026-08-14 12:10:20.027787+00:00,food inflation rate continues on a steady rise to 1606 in april,True,True,True,True
Nigeria food prices,https://news.google.com/rss/search?q=Nigeria%20food%20prices&hl=en-NG&gl=NG&ceid=NG%3Aen,https://news.google.com/rss/articles/CBMingFBVV95cUxQTjdHT0V2R3ZLRHBUX2xWeEE1Yk11SXFBNU42VnA3NjItemZ6UDhuQnFhSVVmV3FXYXZsVm1OTU5OdzNrU3NnOGVjX0V0VjBwc1FVTFBaUThnMXcwUkRvWXU3TW5tTUxxei1aOHZjRUhfOWhKVWRheHl3OEh3dWV3TWl6emdFTDRtaDMwakU3M05LUTZ6YmpWT2c5VHFmQQ?oc=5,Nigeria’s food inflation slows to 16.06% in April- NBS,Nigeria’s food inflation slows to 16.06% in April- NBS - CNBC Africa,"Fri, 15 May 2026 07:00:00 GMT",CNBC Africa,www.cnbcafrica.com,2026-05-15 07:00:00+00:00,2026-08-14 12:10:20.027787+00:00,nigerias food inflation slows to 1606 in april nbs,True,True,True,True
Nigeria food affordability,https://news.google.com/rss/search?q=Nigeria%20food%20affordability&hl=en-NG&gl=NG&ceid=NG%3Aen,https://news.google.com/rss/articles/CBMihAFBVV95cUxOaWtpdTZsTjhEQ0ZQTHFYYkNVS1Z1X3Z5eG5pTGNwZWZNbHR5MjRSWHlCV1lFS3BLd1BUR2xtcU9XTzdxLTZwWFM1V0NIdnNRV21pV00xZGZ0WWVxUmxfc3hVeGNBb3llNXNIUGt4VVRwRnY4ZWhkQlE5OHFRMkRkWUVRWEU?oc=5,10 Cheapest Places to Live in Nigeria: The Ultimate 2026 Cost of Living Guide,10 Cheapest Places to Live in Nigeria: The Ultimate 2026 Cost of Living Guide - nigeriahousingmarket.com,"Mon, 18 May 2026 07:00:00 GMT",nigeriahousingmarket.com,www.nigeriahousingmarket.com,2026-05-18 07:00:00+00:00,2026-08-14 12:10:20.027787+00:00,10 cheapest places to live in nigeria the ultimate 2026 cost of living guide,False,True,True,True
Nigeria cost of living,https://news.google.com/rss/search?q=Nigeria%20cost%20of%20living&hl=en-NG&gl=NG&ceid=NG%3Aen,https://news.google.com/rss/articles/CBMidkFVX3lxTE5HV204QnJZeXN5dkVvbDNrTVJKTDRwTDJPOWpzdjhIRTZRSHBzMXIwWGl6VTNEY2tFS1M5MzFCNGN2dHp1aHFQMW12aGNLYkpLZXdmY0xTb3NJZkM0dlNTWjh0ZVI0ZTdsNkZEbURhOFR0STR2OXc?oc=5,Cost of Living in Lagos (2026 Practical Budget Guide),Cost of Living in Lagos (2026 Practical Budget Guide) - nigeriahousingmarket.com,"Mon, 18 May 2026 07:00:00 GMT",nigeriahousingmarket.com,www.nigeriahousingmarket.com,2026-05-18 07:00:00+00:00,2026-08-14 12:10:20.027787+00:00,cost of living in lagos 2026 practical budget guide,False,True,True,True
Nigeria food prices,https://news.google.com/rss/search?q=Nigeria%20food%20prices&hl=en-NG&gl=NG&ceid=NG%3Aen,https://news.google.com/rss/articles/CBMijwFBVV95cUxNZTJaNVBNVlJDbDVFQnhIRFZwSV9zbC15Xy15QlFDcnA4dlFpSGdoZTlXQl91YjFkYlpkUThjR0hTN2JFZWVVWmUwdnRFMlNha2V6UlFDbmFXX00tREcybnFzczJBaVo3RlU1QlVxbHF2ZzA3OWgxQ19qQ1pISVpGblJPWk1NX1hEWXhCbEhjaw?oc=5,"Rising Food Prices Spark Calls For AgTech, Logistics Investment","Rising Food Prices Spark Calls For AgTech, Logistics Investment - Independent Newspaper Nigeria","Wed, 20 May 2026 07:00:00 GMT",Independent Newspaper Nigeria,independent.ng,2026-05-20 07:00:00+00:00,2026-08-14 12:10:20.027787+00:00,rising food prices spark calls for agtech logistics investment,True,True,True,True
Nigeria food inflation,https://news.google.com/rss/search?q=Nigeria%20food%20inflation&hl=en-NG&gl=NG&ceid=NG%3Aen,https://news.google.com/rss/articles/CBMiigJBVV95cUxObmNiWGMzZzI4a3AxaVY4aGhVZmhidGctc1prT3EtNU51WHIyeUFSNWlVYXQzTW90anVCUmxCT1JoU0dBMFRNa1dfUDc0dXlmMVJqSzR1MU53Q1RjMHZrbVhuZ0gwb0F1MmVhQ052V2FWVVk4MXZaUEpFS1NYY0JWTHNPcWJ0cENiODNOWVpaS21WLVhsZTd2QnNyTFlBZGY2QXRyUDV1TFRsRVdUUzBMeDVXa1Q4d1QwNV91YS1udlBVeFlncGRIZ21ta2VNMGJ5NHl3SHBRS3dOUXVfekdlRmRNWW9IUkYyTzFvZGdXYk1Fd18zRjhIeHZKMGVVNE1tY0xkaEYtTzZ2UQ?oc=5,Nigeria’s Headline Inflation Rises to 15.69% in April Amid Persistent Food Price Pressures,Nigeria’s Headline Inflation Rises to 15.69% in April Amid Persistent Food Price Pressures - Proshare,"Wed, 20 May 2026 13:08:05 GMT",Proshare,proshare.co,2026-05-20 13:08:05+00:00,2026-08-14 12:10:20.027787+00:00,nigerias headline inflation rises to 1569 in april amid persistent food price pressures,True,True,False,True
Nigeria food inflation,https://news.google.com/rss/search?q=Nigeria%20food%20inflation&hl=en-NG&gl=NG&ceid=NG%3Aen,https://news.google.com/rss/articles/CBMilgJBVV95cUxPWFNXeWt1MXBrS2gyVHFFRWpaQXk2ejdmQlVrSHg2bm1QZWYxNWIzVE9TUVNiQ2R0OUNVbkpNdXl2XzZzUy11TkNsRHM2cGNaNTBtWC1IMWR2N0oxWW0xZVF6aFhXYnlxWDRnenBRdF9tTGFrWWN3V0F0MXN3RUJNTEdCNkJmRFF2cnpTUWpfazd4aHBUaFZyUmx0cVFJWE9yTmF2MUZ4YjJDVG41b2pfVUJQOE5nVUQ5WXh5a083Y1Rsei1ReEpSa0ZWRmJpWWNxREFKckdTNmd1MXVrVE00VGg3VEJqSkQtekJZakszZGpUVFBKWHFsdlVOUS1FaXhpa1VobjE3cVJZU3lyRUdLYlJHRklYdw?oc=5,"Nigeria's Inflation Edges Higher to 15.93% in May 2026 as Food Pressures Persist, Core Prices Rebound","Nigeria's Inflation Edges Higher to 15.93% in May 2026 as Food Pressures Persist, Core Prices Rebound - Proshare","Thu, 21 May 2026 07:00:00 GMT",Proshare,proshare.co,2026-05-21 07:00:00+00:00,2026-08-14 12:10:20.027787+00:00,nigerias inflation edges higher to 1593 in may 2026 as food pressures persist core prices rebound,True,True,False,True
Nigeria food affordability,https://news.google.com/rss/search?q=Nigeria%20food%20affordability&hl=en-NG&gl=NG&ceid=NG%3Aen,https://news.google.com/rss/articles/CBMiswFBVV95cUxOX1pUeVhxeTI2TVZGNzV3VjNTZ256bEc2M1RKN3dWOVB0V0NjaGFQbEpsa09nRmZBRXRvczZSVzQzUkdfRzZndjh5NWtXdVM0TEVsZ1hTMTVBX3B3NmlDVUlIQnNlNW83LVJFTF93akhKY1lnUjVjYXVVWTU1ZXFVeVF2RFVqMW9FbE1fTVAxaDRMOTFVRjJjS0dNX19aU3NBdzIybHJPNTVtc05lQ3ZjYmptWQ?oc=5,"Cost of Healthy Diet in Nigeria Rises to N1,513 Per Day as Food Crisis Deepens — NBS","Cost of Healthy Diet in Nigeria Rises to N1,513 Per Day as Food Crisis Deepens — NBS - Real Broadcasting Network","Fri, 22 May 2026 07:00:00 GMT",Real Broadcasting Network,therealmediang.com,2026-05-22 07:00:00+00:00,2026-08-14 12:10:20.027787+00:00,cost of healthy diet in nigeria rises to n1513 per day as food crisis deepens nbs,True,True,True,True
Nigeria cost of living,https://news.google.com/rss/search?q=Nigeria%20cost%20of%20living&hl=en-NG&gl=NG&ceid=NG%3Aen,https://news.google.com/rss/articles/CBMimwFBVV95cUxPaVpwb3hHaFFkS1FSZ3RCY092d0ZndktWS2RRQmlzYm9yakZrRW55TjdYX1FSX3dUTHpqZ2NYZWlPVjYxbjA0cE9XZHp6ZVBWTlVsTDlTc010cTM3Zm1DMG5pVTJFWXpVWGwwVnY5dy1PdnNxM2NoOWxVaXZKY2hZbE9IbUZ6bVlDV0RncVE0N2ZVT0ZMSGNQV0E3TdIBoAFBVV95cUxQZFA4WmlyQXo5bTdSVEhQMFNNTWd5TEpzSm9BTjhfVnBpbFNLSW9EY2xDWGpySUY5RjBCemFzTF9ud0x3Z3FqYm9lZ0plRjI0ZC1lT2NtQk5RUGc2NklFSnlXdDZKb0djWWRSam5maS1BbGlybDJrd3RGVV92Z3FkQWRxc1ZTR3RObThFZlgzb3RsQ2ZJU0hvYzBzUjZkMUw1?oc=5,Cost of living crisis reshapes Eid spending in Nigeria,Cost of living crisis reshapes Eid spending in Nigeria - Al Jazeera,"Tue, 26 May 2026 07:00:00 GMT",Al Jazeera,www.aljazeera.com,2026-05-26 07:00:00+00:00,2026-08-14 12:10:20.027787+00:00,cost of living crisis reshapes eid spending in nigeria,False,True,True,True
Nigeria cost of living,https://news.google.com/rss/search?q=Nigeria%20cost%20of%20living&hl=en-NG&gl=NG&ceid=NG%3Aen,https://news.google.com/rss/articles/CBMi1gFBVV95cUxPN2NPUlZQM1JLNGlraFpLclNvcWV6RzdUUThYa3ZKN3MwTUhOeDhrNF9uZlFLUkYtN19PQ0NBRHFwX05lVWFLSlllaGxfOEQ0bmZncE5ob2ZvMWNGVkMtU1FFNjQ0ZzdnOUVJakd4ODVTN2t4MU1vOE01UGQxQkVDQzY3XzQtWEgydmc4TnVpNVJRSFlldUctRlJqbTBqT1VVYWdZUmF5UzU0bEkyci1ocG00Vmh2YnkwV2JCd2docFltWmFteVI1cjFVRmZST0tGUFRNTGtn?oc=5,Nigeria’s Cost of Living Crisis Reshapes Eid Spending as Families Cut Back on Travel and Sacrifices,Nigeria’s Cost of Living Crisis Reshapes Eid Spending as Families Cut Back on Travel and Sacrifices - Africa Sustainability Matters,"Tue, 26 May 2026 07:00:00 GMT",Africa Sustainability Matters,africasustainabilitymatters.com,2026-05-26 07:00:00+00:00,2026-08-14 12:10:20.027787+00:00,nigerias cost of living crisis reshapes eid spending as families cut back on travel and sacrifices,False,True,True,True
Nigeria cost of living,https://news.google.com/rss/search?q=Nigeria%20cost%20of%20living&hl=en-NG&gl=NG&ceid=NG%3Aen,https://news.google.com/rss/articles/CBMilgFBVV95cUxNVEtLR2VwclNmbnRBT3hHcGQzdnJ1a3VQNnptLThaMmZkdy1xUmN3MVFqNjRyU0J2Vmx0emZoMkJSejUwVjhKS2pXUUFQc1YydEVtOWVGeGRDNmtuaVhQc3UyUndpZnFhZUhNQlgzQTZzSDBtYUhkYjFNZGMxUE03OHc3N3JEcFd0dGxvbzVjTF9fajdFRlE?oc=5,Economists reject NBS GDP report as cost of living worsens,Economists reject NBS GDP report as cost of living worsens - Daily Post Nigeria,"Tue, 26 May 2026 07:00:00 GMT",Daily Post Nigeria,dailypost.ng,2026-05-26 07:00:00+00:00,2026-08-14 12:10:20.027787+00:00,economists reject nbs gdp report as cost of living worsens,False,True,True,True
Nigeria cost of living,https://news.google.com/rss/search?q=Nigeria%20cost%20of%20living&hl=en-NG&gl=NG&ceid=NG%3Aen,https://news.google.com/rss/articles/CBMiqAFBVV95cUxQQVEzdGNHaEN0UlBxVGtELXVBR0ZYX2YzNi1BN1c1emt2NWEyM2tRTEJ3WlBGVGIyUHVKbHNzek1RS2o5S3JDaDhNR0FrbzRyWWN6V3l6RnR6NFBPaVRwTXVzMGh1Z0dwcVZ6WjRlU0x4N04tSUNaX2JxdHN2SXY3SVNNSGxYMjNvUEE4R25ia2N2aGFRR1NYVDBFeTYxMW84aUNrZWFpaG7SAa4BQVVfeXFMUF9IREdyOFVXNmRlYkVFZ3VxcUZjWnh0THNvVG9IdDk2eGR2aHFlUmwweEUtb1BveF9TVVdNb0pscGlaSUJ1ZWwtVm5aSDIxb0M2dURjZTFfdGlXU09SeWNkN1dTZkM4YXZtZVFWMzRObWRRam9aVkpGeUJKZDVoX2Ffa1dJX1R5RkIyMUpySFRxcE5VeExvWFI0ZFh5NThOSmRPMUVjUzMzS1BLdEJ3?oc=5,Nigerian Muslims celebrate Eid al-Kabir amid cost of living crisis,Nigerian Muslims celebrate Eid al-Kabir amid cost of living crisis - africanews.com,"Thu, 28 May 2026 07:00:00 GMT",africanews.com,www.africanews.com,2026-05-28 07:00:00+00:00,2026-08-14 12:10:20.027787+00:00,nigerian muslims celebrate eid alkabir amid cost of living crisis,False,True,True,True
Nigeria cost of living,https://news.google.com/rss/search?q=Nigeria%20cost%20of%20living&hl=en-NG&gl=NG&ceid=NG%3Aen,https://news.google.com/rss/articles/CBMiogFBVV95cUxQaGpCS3ROUzFjVXN1R3NtU1Q1eWZDVm40OEVDaHV1Z19aX3I4OHlqMVd1dU9VUmhXUzFxeTlNLVo5YnNMaC03MFBNekFiWVFtbXBaVklacDVwaFhfUm5RYVFhUEhkbm1ybWZPZnNncXNEZ0xCaDZaZ2IweXRLbi05enh1bzYxdFIxNUE3cHMxb0VZTUhkUUczRVdSa1FKbW1YYUE?oc=5,"Governors weigh N100,000 minimum wage amid rising cost of living","Governors weigh N100,000 minimum wage amid rising cost of living - Business News Nigeria","Sat, 30 May 2026 07:00:00 GMT",Business News Nigeria,businessday.ng,2026-05-30 07:00:00+00:00,2026-08-14 12:10:20.027787+00:00,governors weigh n100000 minimum wage amid rising cost of living,False,True,True,True
Nigeria food prices,https://news.google.com/rss/search?q=Nigeria%20food%20prices&hl=en-NG&gl=NG&ceid=NG%3Aen,https://news.google.com/rss/articles/CBMingFBVV95cUxOVXVUUlZvUmcxU19GS1BpR3pLLTMtUEYtcndPMUEyUjN5OEpGa2tsSjlydWthZDdva2ZwekpNVlRhQ3pJVG41WG92bUlNMmJMc3VhUHhFZXNhZHN1LTNLeHNORjdHZGlsbXNaRDNReXpxLVIyaUZSV1JfeWt5RGVwLUVnbzgzLUtOUmdUTTd1Qm5NQ180Vm1sdWZqRGRTZw?oc=5,"Nigeria records increased agricultural output, lower food prices — Kyari","Nigeria records increased agricultural output, lower food prices — Kyari - westernpost.ng","Sat, 30 May 2026 07:00:00 GMT",westernpost.ng,www.westernpost.ng,2026-05-30 07:00:00+00:00,2026-08-14 12:10:20.027787+00:00,nigeria records increased agricultural output lower food prices kyari,True,True,True,True
Nigeria cost of living,https://news.google.com/rss/search?q=Nigeria%20cost%20of%20living&hl=en-NG&gl=NG&ceid=NG%3Aen,https://news.google.com/rss/articles/CBMimgFBVV95cUxOUENaRXNTMndtWTBfdk9wQ281Q0NxT2dVMWFuaHlMdkd4NU9xRmRXRVZZd2RjZGJKb01HdUNJYi1KUkhRXzZxcC1ZRUNtLWxyaUJVSUhpc0xkR1JIZkRJZFctRVVfak9qY0ZBT2xEUnRZMTNhOWZtZTlFSm1TVWE1WENEZWFCVFpQaFhIVWZuYWotekZ2QnJhaWtn?oc=5,"Tinubu @3: Cost Of Living Surge Pushes Residents To Slums, Satellite Towns","Tinubu @3: Cost Of Living Surge Pushes Residents To Slums, Satellite Towns - LEADERSHIP Newspapers","Mon, 01 Jun 2026 05:24:45 GMT",LEADERSHIP Newspapers,leadership.ng,2026-06-01 05:24:45+00:00,2026-08-14 12:10:20.027787+00:00,tinubu 3 cost of living surge pushes residents to slums satellite towns,False,True,True,True
Nigeria food prices,https://news.google.com/rss/search?q=Nigeria%20food%20prices&hl=en-NG&gl=NG&ceid=NG%3Aen,https://news.google.com/rss/articles/CBMiogFBVV95cUxNSXZyWTJRUkF5cWNNMF9ORnVrX180WHFSTVNxNzZSLVdCMkpOM2k5aGpXenBrRl9LX2ROWEpkY3lGNHpuaHRqWU01SXB2OGNrajNUYjVYaEhIY1ZvSV91S3JLRW8yUlUyV2VFdFhvUF9zUnpfSjl1UzBkVVZOQ09LUFd5V3NISnFPNmpON3Vmc0FoYWpVRHNFaXFqbldISmtrNWc?oc=5,"Garri sells below N1,000 as food prices moderate nationwide – NBS","Garri sells below N1,000 as food prices moderate nationwide – NBS - PM News Nigeria","Tue, 02 Jun 2026 07:00:00 GMT",PM News Nigeria,pmnewsnigeria.com,2026-06-02 07:00:00+00:00,2026-08-14 12:10:20.027787+00:00,garri sells below n1000 as food prices moderate nationwide nbs,True,True,True,True
Nigeria staple food prices,https://news.google.com/rss/search?q=Nigeria%20staple%20food%20prices&hl=en-NG&gl=NG&ceid=NG%3Aen,https://news.google.com/rss/articles/CBMihwFBVV95cUxNVnNNNWlER05GQjZJR0R6TkZxbXAzdm9fX1RkUW5hQ0hUUVlRYTlNQXdnOGxRTUx0TWhnY3l6UW80aUpZb3V0dWJXdWh1OGNaM2MwRHFJMldUbEw0aEZPU0tyQWoyUkdiSUUxZnU0WUFjQTFhdDU3Mjh1ckplMUFwSzR1WjFJMEk?oc=5,Staple Food Prices Fall Year-on-Year Despite Monthly Increases,Staple Food Prices Fall Year-on-Year Despite Monthly Increases - AIT LIVE,"Tue, 02 Jun 2026 07:00:00 GMT",AIT LIVE,ait.live,2026-06-02 07:00:00+00:00,2026-08-14 12:10:20.027787+00:00,staple food prices fall yearonyear despite monthly increases,True,True,True,True
Nigeria food prices,https://news.google.com/rss/search?q=Nigeria%20food%20prices&hl=en-NG&gl=NG&ceid=NG%3Aen,https://news.google.com/rss/articles/CBMidkFVX3lxTE5YR054X2hIUGpEYWdwNmNEZXFGTVJfQUxDcFVleUVyVWRrVE5xVEx6TVFocUdoZDVPUGNmVWt0TzFJemtWUnRhX0xPM0Myd0pLQ1E0SjhuTzRlNDFnZ0FqbmlxdkdOcF9TdVpLZGdBcVJ6SG9kTXfSAXtBVV95cUxQRWxPSUlvUjRpVWF3Vlg5aWFLR2JPNjdPM2Q5TG5aeVVNcVNZYlBLOGZrUTNuYndtNTN3ZzBzQXhvVk1XZVVtOUE4Q01xSktJVV8zTkQ2UXlHVVYxcF9MelJmbEdMNnp0R2pvbmpnbmtEdFNhelFWajdmblk?oc=5,Food waste costs Nigeria N5tr yearly,Food waste costs Nigeria N5tr yearly - The Nation Newspaper,"Wed, 03 Jun 2026 07:00:00 GMT",The Nation Newspaper,thenationonlineng.net,2026-06-03 07:00:00+00:00,2026-08-14 12:10:20.027787+00:00,food waste costs nigeria n5tr yearly,True,True,False,True
Nigeria staple food prices,https://news.google.com/rss/search?q=Nigeria%20staple%20food%20prices&hl=en-NG&gl=NG&ceid=NG%3Aen,https://news.google.com/rss/articles/CBMimAFBVV95cUxQekh5VmVlVWZTbXJmLVFiSTFXWXZHaHh3YWJSbGs3NC1NTEpDZkhqS2hXMWhoMGs2Q3JHVFNPVWVlWUdHSzQxdHNVY29IRzNJVWNPMlRBS3BkcC01UVV0bkRiVmVKbHR1YW5vaGFBck5qQURMTHJlSGlpeGNZOXh2cmxXSHV5U0NMQWZkMDZxUnBFQ2x5ampzeA?oc=5,Prices of basic food items record modest rise in April,Prices of basic food items record modest rise in April - The Guardian Nigeria News,"Wed, 03 Jun 2026 07:00:00 GMT",The Guardian Nigeria News,guardian.ng,2026-06-03 07:00:00+00:00,2026-08-14 12:10:20.027787+00:00,prices of basic food items record modest rise in april,True,True,False,True
Nigeria cost of living,https://news.google.com/rss/search?q=Nigeria%20cost%20of%20living&hl=en-NG&gl=NG&ceid=NG%3Aen,https://news.google.com/rss/articles/CBMiuwFBVV95cUxPRHRkTkQyckVEbHl3X2t4cXlyTnVXVVhJcjdQZUV6WHNYdXl4Y3plTzlEOW4weFJsU2FUOUVwT0tiMndkSHNnSDhWMTVIZkx3R3lLY3lRZXlyWXRfQzBlRkJEZWYzS1ZES09tSUUzcWpOcXk0MW40ZHhvMVZIZlpBY2h3M2oxaHdTQ1hPWjc1dHVxRG9rMFpiWFNucmYxcXZRVF9LOV92X1Voc3lxWkVycVhYTktPRlktUllr?oc=5,How Nigeria’s Cost of Living Crisis Is Measured in Billions While Citizens Borrow to Eat,How Nigeria’s Cost of Living Crisis Is Measured in Billions While Citizens Borrow to Eat - Development Diaries,"Wed, 03 Jun 2026 07:00:00 GMT",Development Diaries,developmentdiaries.com,2026-06-03 07:00:00+00:00,2026-08-14 12:10:20.027787+00:00,how nigerias cost of living crisis is measured in billions while citizens borrow to eat,False,True,True,True
Nigeria food prices,https://news.google.com/rss/search?q=Nigeria%20food%20prices&hl=en-NG&gl=NG&ceid=NG%3Aen,https://news.google.com/rss/articles/CBMiogFBVV95cUxOa24wOUR0Ukl0STJYbW5FYkNYMElZc1o1WkNVQ2NiajBlODFFLU5DenowcnVzTURMMVhrekVoemM5ekNLR0hpR3hVaG1NZUg0YTlESDdfb0FSTU1iS2dNWkhoYnZFRDdGVHZuR210YWZlc3NYM3hzeDYxcDRud1BWSzloMFhEMVRUaWVFTnhrbmo5Rmc3d1BjTFQ2eVFocHpHMGc?oc=5,Healthy diet now costs Nigerians more as food prices climb – NBS,Healthy diet now costs Nigerians more as food prices climb – NBS - PM News Nigeria,"Thu, 04 Jun 2026 07:00:00 GMT",PM News Nigeria,pmnewsnigeria.com,2026-06-04 07:00:00+00:00,2026-08-14 12:10:20.027787+00:00,healthy diet now costs nigerians more as food prices climb nbs,True,True,True,True
Nigeria food prices,https://news.google.com/rss/search?q=Nigeria%20food%20prices&hl=en-NG&gl=NG&ceid=NG%3Aen,https://news.google.com/rss/articles/CBMikgFBVV95cUxNUm5XY25aUTRWY2ZyeWFmSkdkRWhKMUtBZ1QyRTYwMXlHUmh5dllaUFJGYW9Kb1M2TVFORFlNRWUxVTZLcWY5OUg4WjNodGxncy1QR2laSUdidWZEb1dpajA0MW1NdWdmQm5Oam13SjJrYU1OVkE0ei01ak1mRE4xblM0MmpFdGFKNVBHZ0JhNU5TUQ?oc=5,Stakeholders Pin Nigeria’s Surging Food Costs On Structural Flaws,Stakeholders Pin Nigeria’s Surging Food Costs On Structural Flaws - Independent Newspaper Nigeria,"Fri, 05 Jun 2026 07:00:00 GMT",Independent Newspaper Nigeria,independent.ng,2026-06-05 07:00:00+00:00,2026-08-14 12:10:20.027787+00:00,stakeholders pin nigerias surging food costs on structural flaws,True,True,False,True
Nigeria cost of living,https://news.google.com/rss/search?q=Nigeria%20cost%20of%20living&hl=en-NG&gl=NG&ceid=NG%3Aen,https://news.google.com/rss/articles/CBMikAFBVV95cUxQVFhqZ1pKX3FpYWo0d2J0cTNHbjFkREtVUkktTC15cWswWXZnal94UlVmQ3g5NzN6Z2NlZU5CNS04dFhCa2xXZDdEclVZSXk3VjdCWTJjWmxCTDM2SVdiYWdnT3Z4Y18tZmFNeGVNNEpsR0dNaGhrTzhVT2s0UVN1NUZOQUtSRFpzWEF6QmRkSzE?oc=5,"Declare emergency on security, cost of Living, CAC urges Tinubu","Declare emergency on security, cost of Living, CAC urges Tinubu - The Guardian Nigeria News","Sun, 07 Jun 2026 07:00:00 GMT",The Guardian Nigeria News,guardian.ng,2026-06-07 07:00:00+00:00,2026-08-14 12:10:20.027787+00:00,declare emergency on security cost of living cac urges tinubu,False,True,True,True
Nigeria cost of living,https://news.google.com/rss/search?q=Nigeria%20cost%20of%20living&hl=en-NG&gl=NG&ceid=NG%3Aen,https://news.google.com/rss/articles/CBMifkFVX3lxTE84a191bHVzMTJnUjVRM1gxcE9OcGswbzQ0Y1JTWXFUMFd5cndDVUtRalBMX0Z3N3lXN2N4djhrNkFQRTBKMHVOclhvNjhjdUpDVUZramgtR1JSVnpyd25wSUE4SlZBcU4yUTBnX3NnNTBlX1J4Z0l1UUhNbjNJZw?oc=5,What Nigeria’s latest economic data say about cost of living crisis,What Nigeria’s latest economic data say about cost of living crisis - Businessfront,"Sun, 07 Jun 2026 07:00:00 GMT",Businessfront,businessfront.com,2026-06-07 07:00:00+00:00,2026-08-14 12:10:20.027787+00:00,what nigerias latest economic data say about cost of living crisis,False,True,True,True
Nigeria cost of living,https://news.google.com/rss/search?q=Nigeria%20cost%20of%20living&hl=en-NG&gl=NG&ceid=NG%3Aen,https://news.google.com/rss/articles/CBMikwFBVV95cUxPYVRSeGQ4b0tXT1pydnY3bDFsZldDT1RxNHgzSmlVMldmMEhTWDZQVlJ5VlNkczlheDlkQjNfSTRUOEE1V054N2Z5SzhCSFRzVllXYU9VcG9XaUpGYm1SNk9SOHVidHZGSVM1ck5tdHl0X2xIYU12a3JtU2I0QjJqTTA3Tkw5bzdrNkpBSGhXNnZCQkE?oc=5,"Religious leaders task govt on insecurity, cost of living crisis","Religious leaders task govt on insecurity, cost of living crisis - The Guardian Nigeria News","Mon, 08 Jun 2026 07:00:00 GMT",The Guardian Nigeria News,guardian.ng,2026-06-08 07:00:00+00:00,2026-08-14 12:10:20.027787+00:00,religious leaders task govt on insecurity cost of living crisis,False,True,True,True
Nigeria cost of living,https://news.google.com/rss/search?q=Nigeria%20cost%20of%20living&hl=en-NG&gl=NG&ceid=NG%3Aen,https://news.google.com/rss/articles/CBMinAFBVV95cUxPQlRYUW05MWxhSzFONk9aeVdrU1Vtem9EaG9wbmRwVTdhYVlKeVF1X3ljb2V6dTcyTUZQUDlFVmlVaFYxUWg1UFFpNXNTTXV6UDdkbks4UFBUQU56eUhTZmtzbkJnMlg4UHlCLWxoTktoMEJQZGhVUEJkRC02MGprUlBvVmYzTFVXc0tMdlBIV0hnOTRjRDFEdWR4d2k?oc=5,Affordability index: When healthy diet becomes luxury for Nigerians,Affordability index: When healthy diet becomes luxury for Nigerians - The Guardian Nigeria News,"Mon, 08 Jun 2026 07:00:00 GMT",The Guardian Nigeria News,guardian.ng,2026-06-08 07:00:00+00:00,2026-08-14 12:10:20.027787+00:00,affordability index when healthy diet becomes luxury for nigerians,True,True,False,True
Nigeria food prices,https://news.google.com/rss/search?q=Nigeria%20food%20prices&hl=en-NG&gl=NG&ceid=NG%3Aen,https://news.google.com/rss/articles/CBMiV0FVX3lxTFBRbnNMZ1V0YnhxNGNwaXJpSk9zc01TUjc1VHJYdjh3MGJFNlliLXlLU1JPVDZORTh5QVNXVU1qRVRmYjBzaTZHNk5jbGxTOXJCOVpaaUhvWQ?oc=5,"When climate shocks reduce harvests, children pay the price: Evidence from Nigeria","When climate shocks reduce harvests, children pay the price: Evidence from Nigeria - ssa.foodsecurityportal.org","Mon, 08 Jun 2026 07:00:00 GMT",ssa.foodsecurityportal.org,ssa.foodsecurityportal.org,2026-06-08 07:00:00+00:00,2026-08-14 12:10:20.027787+00:00,when climate shocks reduce harvests children pay the price evidence from nigeria,True,True,False,True
Nigeria food prices,https://news.google.com/rss/search?q=Nigeria%20food%20prices&hl=en-NG&gl=NG&ceid=NG%3Aen,https://news.google.com/rss/articles/CBMimgFBVV95cUxPNU5PdUF3MWctbDRZQ0d0bVBwXzNYOVRVWjB5TDBrYkhKWGN5WGg4TWRtUEhiZTNhTlFWS0JTNW9hRUg2clh4REJ3Sk45MUZZT2NXR2JQQVpnYUlsYVF6REVCRURVOXVGZjV1M2lhazYtRTEzdTFUOU53WUpxQ3NGcFA2WGY3R3gyZ0xnMmhhUUZJUWdhX21pOFpB0gGfAUFVX3lxTE5IRGY2UzVFeE40RDdXcGM0eTBtZG01ZUJfNUdvN092RlJGUnpFOVRZbEV4UjRsTnZiN2dRRDRXZlE5SGROS2wtX09NTDJaSzZQb1JmZjZDbUhvQTBnQTFoX2hvNHh0ZGgxbG1vdkNYRWcwNUo0Q1JLTVplN1VJc0c3aG5DVkk2X3ZTdlJmc1dhNzFvSHlRUUpQdE1ZSHJwVQ?oc=5,How high prices’re degrading quality of food Nigerians eat,How high prices’re degrading quality of food Nigerians eat - Vanguard News,"Tue, 09 Jun 2026 07:00:00 GMT",Vanguard News,www.vanguardngr.com,2026-06-09 07:00:00+00:00,2026-08-14 12:10:20.027787+00:00,how high pricesre degrading quality of food nigerians eat,True,True,False,True
Nigeria cost of living,https://news.google.com/rss/search?q=Nigeria%20cost%20of%20living&hl=en-NG&gl=NG&ceid=NG%3Aen,https://news.google.com/rss/articles/CBMi-wFBVV95cUxNWGxJUENPdEVaNzVzaWVvMHBNcExIYXlRMGNlSzRZMlQ0VlVrdnBXbU82bXYwSXQ5bTRBTDZHQ1NuczZLTkVqUC1DT2J3UlZhVU1ZT25hQnJ3SFJjbVg0RkRBOC1tY1JjZFg0Wk5yeURTaXMzaUlCUExYdGMyaDQxZ2VRVlB0Qnk0azNId3JHVjJnblNPb2h3Z3ZsWHYzWFhBcUxSdm1xQ0VwRlhpc2E3Vlc0NFdseEVxTEREVzNVSkQ0eGc5NHg5cVdBdlRxY2NKdzN4cHQzMG5CalJiLTRZY0E1d3p5VzQ5cDVSQ2phUXctRlFYek1KeWJoUQ?oc=5,Cost of Living Crisis in Nigeria 2026: How Households Are Surviving Rising Expenses,Cost of Living Crisis in Nigeria 2026: How Households Are Surviving Rising Expenses - Proshare,"Wed, 10 Jun 2026 09:01:39 GMT",Proshare,proshare.co,2026-06-10 09:01:39+00:00,2026-08-14 12:10:20.027787+00:00,cost of living crisis in nigeria 2026 how households are surviving rising expenses,False,True,True,True
Nigeria cost of living,https://news.google.com/rss/search?q=Nigeria%20cost%20of%20living&hl=en-NG&gl=NG&ceid=NG%3Aen,https://news.google.com/rss/articles/CBMipgFBVV95cUxNSEloS21ZN3RzaGNET3doRUhYc1A1ODdFTXZBUnZ2VTdJaEtIUUYyd1pMZkNZVHNzT2tkMjViVzZveC1LNVVmQmZmbUdCTEU3UG8zdlVCbk5HOG9pWkR3d2NLaHJYb2VwVlZNOVZfRFpNTi1CVjNqNk5jMjNDQXh5SzFYdTJNMENuM3k3SU8tWkxLa0JVR25IZUNZdXBaX0ZjVnVwZVpR?oc=5,"NSE inducts 214 fellows, urges FG to tackle rising cost of living","NSE inducts 214 fellows, urges FG to tackle rising cost of living - The Guardian Nigeria News","Thu, 11 Jun 2026 07:00:00 GMT",The Guardian Nigeria News,guardian.ng,2026-06-11 07:00:00+00:00,2026-08-14 12:10:20.027787+00:00,nse inducts 214 fellows urges fg to tackle rising cost of living,False,True,True,True
Nigeria cost of living,https://news.google.com/rss/search?q=Nigeria%20cost%20of%20living&hl=en-NG&gl=NG&ceid=NG%3Aen,https://news.google.com/rss/articles/CBMioAFBVV95cUxNWFlCOWtCMGRUZ01OWkVYQ2NyOVN2MEVQazk5QXFQcElfV2MxeEtzWUswbjFQMXlsSUhEVW5zR0ttclM1OUVwM2FJQXgxODFjRm5LQkkxc3JpVUt3VjMzUlFLSVV6bVo2LTZjY0QxbWNFMm9wS05KbGxQN283ZFJCbjRGWEFFVXFqM2dtRDJXOGxjX1UxU3BxTzQzVHRFM2th0gGmAUFVX3lxTE9iLWdnUmJ6REpLaHo1WUg1YWNXcDIyUmdIdXZ0VzFUWkt6Y1NoZnMyWkF0SVVZbl83SmpmY2RJMldFbmxvTXZ5RVdINW1ES3phSXZEUjQ3YXZPSGxld2sxRWpYaTdYamFIaXJQWTMzYkc3MXhTZFA3cERqcHFZTDVvLXdtcEl2ekRXYW43MnFucE5VbmRUMUtXNTdDelU4R2ZlNG9HREE?oc=5,Actress Ruth Kadiri raises alarm over rising cost of living in Nigeria,Actress Ruth Kadiri raises alarm over rising cost of living in Nigeria - Tribune Online,"Thu, 11 Jun 2026 07:00:00 GMT",Tribune Online,tribuneonlineng.com,2026-06-11 07:00:00+00:00,2026-08-14 12:10:20.027787+00:00,actress ruth kadiri raises alarm over rising cost of living in nigeria,False,True,True,True
Nigeria food prices,https://news.google.com/rss/search?q=Nigeria%20food%20prices&hl=en-NG&gl=NG&ceid=NG%3Aen,https://news.google.com/rss/articles/CBMilwFBVV95cUxPOWdZZzFValMwMHZRc1ZWckdnWW9OWFhMdS1TVVpaVEVkc2JjY04xb21MUGp5b0ZuRV9UeXBXOTZpcGNWQzNpU3FkRTR2UGlBSFBDal91VkJKd3VhSmZYUHRpazVCemtuTXhfei1YVjFOQldyTHN6cm1za213OE5IWE5mdm1yU01DeW1VcGRVQ1A1elpLZHlR?oc=5,"Nigeria’s Inflation To Rise On High Food Prices, Naira Depreciation","Nigeria’s Inflation To Rise On High Food Prices, Naira Depreciation - MarketForces Africa","Sun, 14 Jun 2026 07:00:00 GMT",MarketForces Africa,dmarketforces.com,2026-06-14 07:00:00+00:00,2026-08-14 12:10:20.027787+00:00,nigerias inflation to rise on high food prices naira depreciation,True,True,True,True
Nigeria food prices,https://news.google.com/rss/search?q=Nigeria%20food%20prices&hl=en-NG&gl=NG&ceid=NG%3Aen,https://news.google.com/rss/articles/CBMiqwFBVV95cUxOd2o0SXVOdEJBMHJKOE11TnZRajhLZktOdndDbkp2a1ZCTmdjMllfN0xPdmR0V0ZzM3l6b1pGemtLNlExQS1VZDRUaXZ0RjNTeEZaOEhhVHMyNUhIY1BZQWtTSnBId0Z6RkQwOTQ5UHhnREROU0ZuOUNVZTBxZW03blN1b1ZydHV2RGtuWEZsY29VaDhGT19Od1lCQ1hIcTR2YWRfZzRzUmJpMWfSAbABQVVfeXFMT1EyN1M4bDI1TjFzOXlRQ3VjNWVQUklxRWdkRkdrMTFXV0E1WEVWVVFMVzBNcHFFTW9TU1VZbXRMN0dfR2xBblV1QXI3UGJBTGdKVnZ5aE1qcGZ5aURzYTVTbkVhdVpKNENqYVNSeWhQcVJObnNWVmpSRXJPbVpCOF9PMHFRS2R6OHVMQUJGSldZVExUaG1EZUVFY0Z5NlQtcmtNOUJhS3pOZDVONlNCV00?oc=5,"Ruth Kadiri laments rising food prices, worries about average Nigerians","Ruth Kadiri laments rising food prices, worries about average Nigerians - Vanguard News","Sun, 14 Jun 2026 07:00:00 GMT",Vanguard News,www.vanguardngr.com,2026-06-14 07:00:00+00:00,2026-08-14 12:10:20.027787+00:00,ruth kadiri laments rising food prices worries about average nigerians,True,True,True,True
Nigeria food prices,https://news.google.com/rss/search?q=Nigeria%20food%20prices&hl=en-NG&gl=NG&ceid=NG%3Aen,https://news.google.com/rss/articles/CBMitwFBVV95cUxPYWZEZXFMNDlJRFNNSERhX3dyQ3A2U3A1Z2stemVLSU41QzZLMDluUElyRGU0V3lrdlctSXFDWXRBc2NpamJQQVBkZmN5VXhEMnVKUFhjMXR0T203MVI2UFk4YzVuSzVvZTlsQWh4UVlsQ3pZWTY1Zi0yZWhWQTNvellVYXQxRkJ0WjR5Xy1fcHVYQ3A0Nm41WV9fanhuYldudkp4bGk1eWV2bHpWNWlMcVZMWlk0eEE?oc=5,Analysts see May inflation easing to 15.02% as food prices stabilise,Analysts see May inflation easing to 15.02% as food prices stabilise - Business News Nigeria,"Mon, 15 Jun 2026 07:00:00 GMT",Business News Nigeria,businessday.ng,2026-06-15 07:00:00+00:00,2026-08-14 12:10:20.027787+00:00,analysts see may inflation easing to 1502 as food prices stabilise,True,True,True,True
Nigeria food prices,https://news.google.com/rss/search?q=Nigeria%20food%20prices&hl=en-NG&gl=NG&ceid=NG%3Aen,https://news.google.com/rss/articles/CBMipAFBVV95cUxNSVhxc0N3QS1fMHZDOTRkSk9rZnZrTjRtdXVYYnB1T3plMW05b210anpPMnJtLWFBY2U0X19sSV9EQlRDbHlRRW1EUW5zZlJ1ZVFhMlBObVlWMENLdC1QNXFZYW80TEhCMzdLb0RCZG84bklBaVhwS1NuRGdod2d5LUMwSnBFcjdRZ0lMTEhOek1xWXlnRGY3NmhOSFRWczQ3czZ5UQ?oc=5,"Nigeria’s Inflation climbs to 15.93% in May, food prices still bite","Nigeria’s Inflation climbs to 15.93% in May, food prices still bite - PM News Nigeria","Mon, 15 Jun 2026 07:00:00 GMT",PM News Nigeria,pmnewsnigeria.com,2026-06-15 07:00:00+00:00,2026-08-14 12:10:20.027787+00:00,nigerias inflation climbs to 1593 in may food prices still bite,True,True,True,True
Nigeria food prices,https://news.google.com/rss/search?q=Nigeria%20food%20prices&hl=en-NG&gl=NG&ceid=NG%3Aen,https://news.google.com/rss/articles/CBMiuwFBVV95cUxNRHJuVloyTzFJeUJINFBNUV84andBTXJwMU8xRGtNUjF2SVNGWXRxUHdUVmtUNTZhZmtENlZwVURqYmpDWEM3Ulh6Z05WcW5uNEZfMzFaM3dnT0I2TVF1ZU9yN0dxVGFveFpRWFZUOFlPVllQWkJSTUpEMHRja1hzM29KSmtWM25wSGNjeTFlcm9YU3hSVy1yemlsRWZOX09ROGlVLTM0a285TnRoSTJxTW5kOU1hanEwTXJB?oc=5,Nigeria’s inflation up 15.93% amid high food prices – NBS,Nigeria’s inflation up 15.93% amid high food prices – NBS - Premium Times Nigeria,"Mon, 15 Jun 2026 07:00:00 GMT",Premium Times Nigeria,www.premiumtimesng.com,2026-06-15 07:00:00+00:00,2026-08-14 12:10:20.027787+00:00,nigerias inflation up 1593 amid high food prices nbs,True,True,True,True
Nigeria food prices,https://news.google.com/rss/search?q=Nigeria%20food%20prices&hl=en-NG&gl=NG&ceid=NG%3Aen,https://news.google.com/rss/articles/CBMiqAFBVV95cUxOeE1FWmdHSmFlSndsRkVqeUFVX1ZVRHltWThqRko2SjREMXBWSU5Ib0V5SVNUTVhqZzBFYko4U2N1VUJTdWNZN1RXM2puUWxIZTc0d2dRZGtrVldyUWdQY1FYU2VfVFdYU19hZVBiM2Z5RUtYRjlfWHRDbm5oMk9RdWZMQ0R0V0hDX3lXV0NxSkw2djBlY1owWXFrZWk3QnR0dU9pb1RleWU?oc=5,"Nigeria’s food inflation at 17% worrisome, weakening household purchasing power: CPPE","Nigeria’s food inflation at 17% worrisome, weakening household purchasing power: CPPE - Peoples Gazette Nigeria","Mon, 15 Jun 2026 07:00:00 GMT",Peoples Gazette Nigeria,gazettengr.com,2026-06-15 07:00:00+00:00,2026-08-14 12:10:20.027787+00:00,nigerias food inflation at 17 worrisome weakening household purchasing power cppe,True,True,True,True
Nigeria food inflation,https://news.google.com/rss/search?q=Nigeria%20food%20inflation&hl=en-NG&gl=NG&ceid=NG%3Aen,https://news.google.com/rss/articles/CBMif0FVX3lxTE5xcnlObjFidnZCbGFwekwtcEVvMXNieGpvZlFEMDd4TC1DTDVkT3FqZFJtbjBtRXVNdmw1SWFzYjJXV3FpQjFOSGdrQ3ZNZWo5aFB1VnBvcW9DNzFHY09oVmgwbW9OU0N4X0VNOURGeGtnT2xMZGNxSFp4emlCZWs?oc=5,Food inflation climbs to 16.96% in May,Food inflation climbs to 16.96% in May - Business News Nigeria,"Mon, 15 Jun 2026 07:00:00 GMT",Business News Nigeria,businessday.ng,2026-06-15 07:00:00+00:00,2026-08-14 12:10:20.027787+00:00,food inflation climbs to 1696 in may,True,True,True,True
Nigeria cost of living,https://news.google.com/rss/search?q=Nigeria%20cost%20of%20living&hl=en-NG&gl=NG&ceid=NG%3Aen,https://news.google.com/rss/articles/CBMipAFBVV95cUxPM0hJejhEMXFEV1EzVkFIY2FIeXJvSFRSX0w5R1BsenlOeTVPaXlJUXdCU0xfTEl6QTJ3UU14bWRwMGZ0VGdlZGJRR042QkEyMGRKdjNRalJrTWU4V0FQSE5EMFpYckRDNFRiWTAtcDZ3LWxObUJmTDktZ2d3YVd1YVk1VnppR1dUQ0N4bndIYnVYOGdWaV9nQW9wcF82VjFzSEdfRQ?oc=5,Cost of living set to rise as IMF calls for new taxes in Nigeria,Cost of living set to rise as IMF calls for new taxes in Nigeria - PM News Nigeria,"Mon, 15 Jun 2026 07:00:00 GMT",PM News Nigeria,pmnewsnigeria.com,2026-06-15 07:00:00+00:00,2026-08-14 12:10:20.027787+00:00,cost of living set to rise as imf calls for new taxes in nigeria,False,True,True,True
Nigeria food prices,https://news.google.com/rss/search?q=Nigeria%20food%20prices&hl=en-NG&gl=NG&ceid=NG%3Aen,https://news.google.com/rss/articles/CBMihAFBVV95cUxQTTdxcEtYSVJjWGduc3FMd2JUYUNYSU1CRVgwQ3k3YVdULTJ0dmZDYVZkbkNJb1diVlFIMkdDLTJEbUl1d2hNZ0kyVHByejdBN2JFTHo4MUtacldhSG96OUFqQlc3ZHZGRG9RaTdKNWpVMmN6VzNWVzJLZnRRSW1qOGtobWnSAYoBQVVfeXFMTTBZNmZjQ1pITURWNWNZVmZQZXBHTDk0T21aVlRQS2RNYm5qczBMNkZsU2UzdmM1cU55Q0xkNzdVOXJTZHVCV0Zrc2Q4Q1lPNWpIOHVMZUJGRTdZZXpzYm5yY20tdUhMbzFkZlRvd1R5NllqTjNyX2hPNlhEWl9YN3plVFI2N082R1Vn?oc=5,Nigeria’s inflation rises to 15.93% amid surge in food prices,Nigeria’s inflation rises to 15.93% amid surge in food prices - The Sun Nigeria,"Mon, 15 Jun 2026 07:00:00 GMT",The Sun Nigeria,thesun.ng,2026-06-15 07:00:00+00:00,2026-08-14 12:10:20.027787+00:00,nigerias inflation rises to 1593 amid surge in food prices,True,True,True,True
Nigeria food prices,https://news.google.com/rss/search?q=Nigeria%20food%20prices&hl=en-NG&gl=NG&ceid=NG%3Aen,https://news.google.com/rss/articles/CBMipwFBVV95cUxNYkJVVWVTWkt4U1lLMDVaTG9pamxWN3BTNkh6ZTY2WTFxOENXS1BsSk9WQjVFMk1rTnZkeW1TQ0lzakg1RXJSZ3JWSWVobmRHeko2SzZ0U29ua2haNzBxM3pza0xsWV81MjdSQk9VWVdaQVcxZmtGbnVQNDU2SGtBSGlaRVJmcm51M0piVnpsYkNJVVQ4SzZGRzRqeF8wTGFCWFdzcC1nUQ?oc=5,Nigeria inflation rises for third month in May as food prices accelerate,Nigeria inflation rises for third month in May as food prices accelerate - CNBC Africa,"Mon, 15 Jun 2026 07:00:00 GMT",CNBC Africa,www.cnbcafrica.com,2026-06-15 07:00:00+00:00,2026-08-14 12:10:20.027787+00:00,nigeria inflation rises for third month in may as food prices accelerate,True,True,True,True
Nigeria food inflation,https://news.google.com/rss/search?q=Nigeria%20food%20inflation&hl=en-NG&gl=NG&ceid=NG%3Aen,https://news.google.com/rss/articles/CBMirwFBVV95cUxOZWttZUJ5ZjhTQ3UyMEstbXJjWlpYMFhpaEpmS0lQNVh1SV9UUHpEVnEwM1lGUHlfVnFGLVFGbVZWek13VHFmYTlOTi1Qd0kxb1ZIeGxfMFRiQzdDako3VERuR2g2Y2NsM1U3czE4dGRQZ2FNRkRDM2NpSVdOX1F3SFduaEhzZC16UTlRR1NNTlpnUHduYkwwZ3d2UVFGX0FVazBVcUNNRlJLWDVDeDZB?oc=5,Nigeria inflation rises to 15.93% in May amid food costs By Investing.com,Nigeria inflation rises to 15.93% in May amid food costs By Investing.com - Investing.com Nigeria,"Mon, 15 Jun 2026 07:00:00 GMT",Investing.com Nigeria,ng.investing.com,2026-06-15 07:00:00+00:00,2026-08-14 12:10:20.027787+00:00,nigeria inflation rises to 1593 in may amid food costs by investingcom,True,True,False,True
Nigeria food prices,https://news.google.com/rss/search?q=Nigeria%20food%20prices&hl=en-NG&gl=NG&ceid=NG%3Aen,https://news.google.com/rss/articles/CBMilwFBVV95cUxOeFFSMTAzYjdvWGZyeUtBZG8zdjBDVUwxRWFudUxXallSamVGZF9TSjhYMHVxbEZhVG9WNUlSTGxlOS1tTktBMUFpWjUxdEF4dzBoOEthVU40WlB2ZEdRSkhLZGg0MnY0X3RpR0JGeTl4eVZCdkVBaU1Pc2RPNm1ncnNTVXprbWJiSmdVX3ItUlhDLUticlhJ?oc=5,NBS: Nigeria Inflation Rises To 15.93% In May As Food Prices Edge Higher,NBS: Nigeria Inflation Rises To 15.93% In May As Food Prices Edge Higher - Arise News,"Mon, 15 Jun 2026 07:00:00 GMT",Arise News,www.arise.tv,2026-06-15 07:00:00+00:00,2026-08-14 12:10:20.027787+00:00,nbs nigeria inflation rises to 1593 in may as food prices edge higher,True,True,True,True
Nigeria food affordability,https://news.google.com/rss/search?q=Nigeria%20food%20affordability&hl=en-NG&gl=NG&ceid=NG%3Aen,https://news.google.com/rss/articles/CBMie0FVX3lxTE44UGxsamNMeEcwcW8wcUZOWjBsYTRGdUZqVUQ1QXhWMUEwTnNockVjMThVSUNQVUUtanY3UUQwQXBCT1V0WFBZSTZsbzFTaXpPSG1yNGZfN1pHMXUyZlQ3ZE1ZT19OUTZTNDFfdjQ2N2ZyZVpQekVCNkU1bw?oc=5,The Burden Of Food-Borne Illnesses Amid Scarcity,The Burden Of Food-Borne Illnesses Amid Scarcity - LEADERSHIP Newspapers,"Wed, 17 Jun 2026 05:03:23 GMT",LEADERSHIP Newspapers,leadership.ng,2026-06-17 05:03:23+00:00,2026-08-14 12:10:20.027787+00:00,the burden of foodborne illnesses amid scarcity,True,True,False,True
Nigeria food prices,https://news.google.com/rss/search?q=Nigeria%20food%20prices&hl=en-NG&gl=NG&ceid=NG%3Aen,https://news.google.com/rss/articles/CBMiqAFBVV95cUxQdkdIenA1eWt4Y3hQalZGOTAtZUxVa09sVTNqaGkzamd6cWtBVkFEa1F0NkpRTklVMEpSUmFocTZNbnBVblVwUGkyXzc3MFdWRHJyclFkU0RScWR6bUQ0UXJNVzZYVDZOY1RqeDB5b29hR3pRd2t2Yko2cHNDNHFUVG9MbFREbDAzYUFLbUpfVVFIeWxaM1NBUkRKYnpWdTZscmxUUE54THM?oc=5,"Beyond Price Spikes, Experts Push Long-Term Reforms To Secure Nigeria’s Food Future","Beyond Price Spikes, Experts Push Long-Term Reforms To Secure Nigeria’s Food Future - Independent Newspaper Nigeria","Fri, 19 Jun 2026 07:00:00 GMT",Independent Newspaper Nigeria,independent.ng,2026-06-19 07:00:00+00:00,2026-08-14 12:10:20.027787+00:00,beyond price spikes experts push longterm reforms to secure nigerias food future,True,True,False,True
Nigeria food prices,https://news.google.com/rss/search?q=Nigeria%20food%20prices&hl=en-NG&gl=NG&ceid=NG%3Aen,https://news.google.com/rss/articles/CBMiqAFBVV95cUxPVTBmRVNXVWxDRm9pTDN5TkZ1QzZwdnJ5Q3gtZnRERVM1Mnh1U0c5MzBhWWI0cmFUT0ZLZWJJVXZYbF9xc0gxWkZlNjVRbVR2WnQzVy1QWmFEX1dhS0hjTEVtMjJhd1VKRjhOM0M4M3hBU3ROdVBPaUNjY3ZUYk5UNlZTczZacVVhX01wLUtiSzNyQXRsUkdGQ1g0S2p0dDF1c3dZaGtaQlk?oc=5,"Nigeria’s fuel, fertilizer, and food prices feel the strain of the Iran conflict","Nigeria’s fuel, fertilizer, and food prices feel the strain of the Iran conflict - IFPRI","Mon, 22 Jun 2026 07:00:00 GMT",IFPRI,www.ifpri.org,2026-06-22 07:00:00+00:00,2026-08-14 12:10:20.027787+00:00,nigerias fuel fertilizer and food prices feel the strain of the iran conflict,True,True,True,True
Nigeria cost of living,https://news.google.com/rss/search?q=Nigeria%20cost%20of%20living&hl=en-NG&gl=NG&ceid=NG%3Aen,https://news.google.com/rss/articles/CBMijwFBVV95cUxNN1RTNnpEV3VibGVUYWtjWm4wLUROd3hQdFpockh5REtFaWs1c0dNQkRKTGlSNG1rUjdldUJYdF90RWxaS1ZZZ1BRLTY4Yk9sdnFmSDBYUDRQZmNVN09VcVk5OFlBQk5GM3doS1lUcjh6cndrMHRRbEV4TzI0ekVacnVhaVhHWW1jcDlNNjFNTQ?oc=5,High cost of living & daily battle for survival in Nigeria,High cost of living & daily battle for survival in Nigeria - Realnews Magazine,"Mon, 22 Jun 2026 07:00:00 GMT",Realnews Magazine,realnewsmagazine.net,2026-06-22 07:00:00+00:00,2026-08-14 12:10:20.027787+00:00,high cost of living daily battle for survival in nigeria,False,True,True,True
Nigeria food prices,https://news.google.com/rss/search?q=Nigeria%20food%20prices&hl=en-NG&gl=NG&ceid=NG%3Aen,https://news.google.com/rss/articles/CBMilAFBVV95cUxNbEx6V2FZdlN4ZlBvZ0g3aDdfOHVQaXRMWXRIZHEtN2VjLWhacUJGLWdCMnZfV0xWZC1rSXQtdmtneXRGemV2ZnVCMnZrUzlCdjQ3VmJKRnN0MWZPbEdpZG8xd21qTjZRNWppZ1g1aXI1eGZfazJkRGg2SzIzc0lvMl9mcHRGOWgwcjk1NlRxVzJMc2hM?oc=5,Farmers predict lower food prices amid FG’s fertiliser intervention,Farmers predict lower food prices amid FG’s fertiliser intervention - Peoples Gazette Nigeria,"Mon, 22 Jun 2026 07:00:00 GMT",Peoples Gazette Nigeria,gazettengr.com,2026-06-22 07:00:00+00:00,2026-08-14 12:10:20.027787+00:00,farmers predict lower food prices amid fgs fertiliser intervention,True,True,True,True
Nigeria food prices,https://news.google.com/rss/search?q=Nigeria%20food%20prices&hl=en-NG&gl=NG&ceid=NG%3Aen,https://news.google.com/rss/articles/CBMinAFBVV95cUxOYlBSRGpLcHJENWNKWlFMUXdRUXQwc040by15ZWlJaE5hNno3Nm15RkpuR1JVTVhsQjVqcHRfUmlwbmZZbWF4MzRHTExHWGlFblBUQjR2am12dm9CNzBIVkZ1MGRKRXlKVElpb1FGNkN0Y1N3Qk1lRHJvekRORXJhWGxYQ1JPb3lseHMxM3ByMXZtU3VMY2V6eGdaSzI?oc=5,Food Prices Refuse To Ease As Inflation Pressures Persist Across Nigeria,Food Prices Refuse To Ease As Inflation Pressures Persist Across Nigeria - Independent Newspaper Nigeria,"Tue, 23 Jun 2026 07:00:00 GMT",Independent Newspaper Nigeria,independent.ng,2026-06-23 07:00:00+00:00,2026-08-14 12:10:20.027787+00:00,food prices refuse to ease as inflation pressures persist across nigeria,True,True,True,True
Nigeria rice prices,https://news.google.com/rss/search?q=Nigeria%20rice%20prices&hl=en-NG&gl=NG&ceid=NG%3Aen,https://news.google.com/rss/articles/CBMilAFBVV95cUxQUnZjRjNiNGJUZVlwTlRtTl9KcmlndXlWemYtZzZ6cm5vYW1oS0hlXzQ0RUVQR0wtSlRpM28zTHFJclg3QWs2VUN5ck4zMVFYSEYtV29oS3pQOWo1LVIxMVBBUTVUdUhIVW54ZlYtdEFZVzR6ODJJelZfbXZaZjZ1VmJ3cXdJVDc4OUg5T3JCSWdoTEJp?oc=5,Beyond the Price of Rice: Why Nigeria Must Stay the Course in 2027,Beyond the Price of Rice: Why Nigeria Must Stay the Course in 2027 - Kogi Reports,"Thu, 25 Jun 2026 07:00:00 GMT",Kogi Reports,kogireports.com,2026-06-25 07:00:00+00:00,2026-08-14 12:10:20.027787+00:00,beyond the price of rice why nigeria must stay the course in 2027,True,True,False,True
Nigeria food prices,https://news.google.com/rss/search?q=Nigeria%20food%20prices&hl=en-NG&gl=NG&ceid=NG%3Aen,https://news.google.com/rss/articles/CBMibkFVX3lxTE9HYjZVWmMzZEp0dndQY2JVOUNGREJVYWxTVmlpQ3RtTnpIWXRmTy1TSVE4VTgtU08xRGNwRE95cl9vdVp4NGw0YzB3QlZWRlFzbEFNcTFqNk9aR0NNSG9UZmFTVUhrSTRlMldaZkdR?oc=5,Bango tells you market food prices before you get there,Bango tells you market food prices before you get there - TechCabal,"Sat, 27 Jun 2026 07:00:00 GMT",TechCabal,techcabal.com,2026-06-27 07:00:00+00:00,2026-08-14 12:10:20.027787+00:00,bango tells you market food prices before you get there,True,True,True,True
Nigeria food prices,https://news.google.com/rss/search?q=Nigeria%20food%20prices&hl=en-NG&gl=NG&ceid=NG%3Aen,https://news.google.com/rss/articles/CBMiVkFVX3lxTE95SHpDUE5JTkFUTzk3aGZ3TnlDUlYwNS1CSzFWTzF1V0ZOdVg3TzdQck9hRFZ1bTJiOXNuVFpMOGZIam9LUW9TaG16cUU2U2h3NHdZUkRB?oc=5,Malnutrition Crisis: Rising food prices worsen hunger despite higher funding #trusttvnews #hunger #foodprices,Malnutrition Crisis: Rising food prices worsen hunger despite higher funding #trusttvnews #hunger #foodprices - instagram.com,"Sat, 27 Jun 2026 07:00:00 GMT",instagram.com,www.instagram.com,2026-06-27 07:00:00+00:00,2026-08-14 12:10:20.027787+00:00,malnutrition crisis rising food prices worsen hunger despite higher funding trusttvnews hunger foodprices,True,True,True,True
Nigeria cost of living,https://news.google.com/rss/search?q=Nigeria%20cost%20of%20living&hl=en-NG&gl=NG&ceid=NG%3Aen,https://news.google.com/rss/articles/CBMiigFBVV95cUxPS1RvRGdETVUtYTE3RERNTFlMZ2dpWDZPTkE3am5ZRDItcUhvX3lpcUotaU1laU5wQ1Q2d28xcThzSFJvWDczQUEyTERFZzg1WUd4LW9NZlpCcnczTjV2WERHTk4wTTA0SjZ1WW1BQ0JOMjdiTlhUWGFLVWN4ZTF5S3J2eC16RVFSV3fSAY8BQVVfeXFMUGtyUUxENkl0cFhxNjdhQnJGSGtrNFBmcGoyb3dtSkVwUlRCQkp5MjFEdmRic29kY1dwYjE5RnZTVE52QW5GR0lXZXpCRVhWeWkzeEJQbjNRYTIzdzB5Y2JpQ0t6cDVyZzNqZ0JBZWlaOTRkNkFhTU9ya3o5SkhIMWNJZjVrN1kzRjRrYjBKdXc?oc=5,"Petrol prices defy crude oil slump, deepen cost-of-living crisis","Petrol prices defy crude oil slump, deepen cost-of-living crisis - The Sun Nigeria","Mon, 29 Jun 2026 07:00:00 GMT",The Sun Nigeria,thesun.ng,2026-06-29 07:00:00+00:00,2026-08-14 12:10:20.027787+00:00,petrol prices defy crude oil slump deepen costofliving crisis,True,True,False,True
Nigeria cost of living,https://news.google.com/rss/search?q=Nigeria%20cost%20of%20living&hl=en-NG&gl=NG&ceid=NG%3Aen,https://news.google.com/rss/articles/CBMikgFBVV95cUxPWVB2bXd5Q05qT2lVTUVLNU1tbHdXSzZnZWVzdGtlYXpsZVo0dWtwTExxa2xiV1BTV1ppdkpOelJvbjJXeFFtczBqV0VUWDhYdkl0QjRncldJU0NITEo5UndtOTNhdDN5MEZGX1VadXc4N2pvS24zb3RvVkJUeUtvUGlwTWNPODRMdmhMWHVDZEVmQdIBlwFBVV95cUxOUGJfWFVreldrSU1kcEt3Um5EaEZZcXlBd1BmdFlXZmhFR0c3dUVqcXJqd0I0Rm5YbEhCWDc0Z0I4UXMzcG8zTDljVDhBallrZ3luNWk5RG5iTnBzRlBKVDRNemxpb3hPbngtS1NSSHp5dDFIU3FtRDR1aEZGZFRFWkxPcWFib1ZuXzVTVUVxajBuOVhodzJj?oc=5,"Use rising foreign reserves to check cost of living, Nigerians urge FG","Use rising foreign reserves to check cost of living, Nigerians urge FG - The Sun Nigeria","Mon, 29 Jun 2026 07:00:00 GMT",The Sun Nigeria,thesun.ng,2026-06-29 07:00:00+00:00,2026-08-14 12:10:20.027787+00:00,use rising foreign reserves to check cost of living nigerians urge fg,False,True,True,True
Nigeria food inflation,https://news.google.com/rss/search?q=Nigeria%20food%20inflation&hl=en-NG&gl=NG&ceid=NG%3Aen,https://news.google.com/rss/articles/CBMizgFBVV95cUxNYzdsaGhRUDMxcmlqM3hiQ1pHcWJqNHdvbER1Y2FHWlZUTnNSOHBqRElPLUZqSHRzSElSWUR5eWsta1FiaTZ6eXluamhYZThtaXFVX0FPUDJ2N0Q2X0E5M2J5V3k1YlFQZDd5eURSekplTGhic1NwdGl5T0pYd0liSnBXaElQdE9YczNRT25hWlVnWk8yNmdHVWRITUMzcnVic0RpQm5SQmFGR2lrdHUyX2FmUVdfMlBOajhmX3lFR2RWbFJoQ3paMTk5N1Jjdw?oc=5,"Luya: Food inflation, input costs remain key challenges for Nigeria's agricultural sector","Luya: Food inflation, input costs remain key challenges for Nigeria's agricultural sector - CNBC Africa","Mon, 29 Jun 2026 07:00:00 GMT",CNBC Africa,www.cnbcafrica.com,2026-06-29 07:00:00+00:00,2026-08-14 12:10:20.027787+00:00,luya food inflation input costs remain key challenges for nigerias agricultural sector,True,True,True,True
Nigeria food affordability,https://news.google.com/rss/search?q=Nigeria%20food%20affordability&hl=en-NG&gl=NG&ceid=NG%3Aen,https://news.google.com/rss/articles/CBMikwFBVV95cUxNZVZMM3V0MTlXaTVqM05XUDFEQmE3dHM2Y3hDTlJfNlNFSmpiVGRNMmludk5ieGNCTG5nUnVsM2piVGRha216VlRNZUF2Und1YUlRNGkyRUpXNlNLRk8zOVhFdmdIN0FsWDB4cUx6WDI3TU9kLUpUczRtUWJQZVRKZzRKRkVGdXUxZExCQmZJVVVZWlk?oc=5,"NBS: Cost Of Healthy Diet In Nigeria Rises To N1,589 Per Day In April","NBS: Cost Of Healthy Diet In Nigeria Rises To N1,589 Per Day In April - Arise News","Tue, 30 Jun 2026 07:00:00 GMT",Arise News,www.arise.tv,2026-06-30 07:00:00+00:00,2026-08-14 12:10:20.027787+00:00,nbs cost of healthy diet in nigeria rises to n1589 per day in april,True,True,False,True
Nigeria cost of living,https://news.google.com/rss/search?q=Nigeria%20cost%20of%20living&hl=en-NG&gl=NG&ceid=NG%3Aen,https://news.google.com/rss/articles/CBMiiAFBVV95cUxQbERwZ2tvemdfTzZ1SUxuNGFxbG1peXBRa3NZQVRVRy0tSGc1LWRzQzlWVUY3S2ZXS01TSS1xN2VlbDdISnhrVDZZdE1rSFdkb2h4UEZyMnFsRWlNQm1FY0ZfYjJPdHo1S09HRVlwV1FEcW1DQ2lEeUZtaE81V0MwcVVFUkZnd1JC?oc=5,High cost of living pushes Abuja civil servants into debt,High cost of living pushes Abuja civil servants into debt - Daily Trust,"Wed, 01 Jul 2026 07:00:00 GMT",Daily Trust,dailytrust.com,2026-07-01 07:00:00+00:00,2026-08-14 12:10:20.027787+00:00,high cost of living pushes abuja civil servants into debt,False,True,True,True
Nigeria cost of living,https://news.google.com/rss/search?q=Nigeria%20cost%20of%20living&hl=en-NG&gl=NG&ceid=NG%3Aen,https://news.google.com/rss/articles/CBMizgFBVV95cUxPdVFyMVNGRFdoX1FSWmRRRzNPeDVaTlpNOFNfaFhGM1RjNFR0WlBOSlM4dkprdl9yZ25SSmh4YjVEaUZaUEVweW9fSzZXM3R5bFppNUpJLWtXNkNMQkMwX0dvYzl6NGdwNDdVVFpIN2FFay1SZmhNQnVCRE9Wck1PXzc4N0N6Q0M5TjZrTXp5Nm1JUnVOcnVhc1VNQmw4OG9TVDNiLW12VXlSeVJQNGUxQkNRYlo5czBxM1NWN3p5a1Rmb19KZXZoRUlRd3Nadw?oc=5,The Rising Cost of Living in Nigeria: Challenges and Possible Solutions -By Asiuwhu Precious Oghenekaro,The Rising Cost of Living in Nigeria: Challenges and Possible Solutions -By Asiuwhu Precious Oghenekaro - Opinion Nigeria,"Thu, 02 Jul 2026 07:00:00 GMT",Opinion Nigeria,www.opinionnigeria.com,2026-07-02 07:00:00+00:00,2026-08-14 12:10:20.027787+00:00,the rising cost of living in nigeria challenges and possible solutions by asiuwhu precious oghenekaro,False,True,True,True
Nigeria cost of living,https://news.google.com/rss/search?q=Nigeria%20cost%20of%20living&hl=en-NG&gl=NG&ceid=NG%3Aen,https://news.google.com/rss/articles/CBMilwFBVV95cUxPSjdXZTBFU2dTQ0ZvS21Bb2JweGxRZ1lacHkwa3ZwamF2c3RORW1yNTRfeU5SQ2ZtRlozOWM5Q2dqX2NnRUxyYVNfalZTXy1tY19BWldDWENfXzZBUUhnTVpYbVNNeFdWU3FCQWRnVUFra1BQNThXdjd1SVduZFFJVmwwTXMweUEyNFQwTjlkeTFzbGdlNHBv?oc=5,"Nigerians hopeful of lower prices, relief as FG slashes tariffs","Nigerians hopeful of lower prices, relief as FG slashes tariffs - The Guardian Nigeria News","Thu, 02 Jul 2026 07:00:00 GMT",The Guardian Nigeria News,guardian.ng,2026-07-02 07:00:00+00:00,2026-08-14 12:10:20.027787+00:00,nigerians hopeful of lower prices relief as fg slashes tariffs,True,True,False,True
Nigeria food inflation,https://news.google.com/rss/search?q=Nigeria%20food%20inflation&hl=en-NG&gl=NG&ceid=NG%3Aen,https://news.google.com/rss/articles/CBMi9gFBVV95cUxNR2pEUF8zaTBvY04xVmJ6U1hJNUtDSkwycXNHNkIwSFk0amdBRUliWVNraGg3RFQydFk4X2hIS01QajZCTmpQODVSY3dRX0tMN1A0dEViZkRBY0hsWVJCWnNKcjh5UWYtcXpPSkFOQTRuOHIwNVhJb1V2bHgzc1FVVVREdllSYlJ5M1FvUTBHS0xLT1pTOFVnczQtVDlnUTNLbGpUSXF0NHo1QldUSUtCWG9aWmpBVFJHakxvMkFvQUVfME5QMVVIVUZaTzBEelRVOFI2bWFQZUthaGVCZ2xvMFJOODFoQUlPeVQ2aXZqRkNPVmZLd3c?oc=5,World Bank Warns Supply Chain Disruptions Continue to Drive Food Inflation,World Bank Warns Supply Chain Disruptions Continue to Drive Food Inflation - Proshare,"Thu, 02 Jul 2026 10:24:55 GMT",Proshare,proshare.co,2026-07-02 10:24:55+00:00,2026-08-14 12:10:20.027787+00:00,world bank warns supply chain disruptions continue to drive food inflation,True,True,True,True
Nigeria cost of living,https://news.google.com/rss/search?q=Nigeria%20cost%20of%20living&hl=en-NG&gl=NG&ceid=NG%3Aen,https://news.google.com/rss/articles/CBMioAFBVV95cUxOTWNBZHV3SXd5VzNBdl9wZm5XaVgwcF9UY0RlLWNPaktUQzhTaHVCaW9YaEVPN284emhVVG1LaElqODFLY0VkTUdtZmVMYUt3UVdIaGFNaFlQNXR4RHJkQ0t5X1B6OWxidkJIM0haeXF0SVJSelBGVGhhUVdYYk00YUxNSlE4ZnE2eXBWRWhsVm5pS2ozanB3d2dLS1BnRUJF0gGmAUFVX3lxTE5PNUFydVMya3BRQmpfMndudXlzWFl6T2JlNE01YTFSODRleGw4eFhLWXN2MzlIVThBXzhJN3dENEQ0eG1ralN3QzJVV0Frc0VPQnZFaUtienVLMzZjQmNXRURCb3V4by1nWXdHWTRMNTl6d1dSSm93d3NYQWY3cTZwOXZNeUUtTTNaTnd6cWpIWHhuRGhlcktkcVdzLVdydlZuYWtObEE?oc=5,FULL LIST: Seven African countries with lowest cost of living in 2026,FULL LIST: Seven African countries with lowest cost of living in 2026 - The Nation Newspaper,"Sat, 04 Jul 2026 07:00:00 GMT",The Nation Newspaper,thenationonlineng.net,2026-07-04 07:00:00+00:00,2026-08-14 12:10:20.027787+00:00,full list seven african countries with lowest cost of living in 2026,False,True,True,True
Nigeria food inflation,https://news.google.com/rss/search?q=Nigeria%20food%20inflation&hl=en-NG&gl=NG&ceid=NG%3Aen,https://news.google.com/rss/articles/CBMilgFBVV95cUxPb1Z4OXZsQkZlTXB2MUhoRkFpUDNOQkhwZl9pYkNlQXIyOWNsR1RoV2Yzb2tOME9JbGV3VTBzOXpRZnhhWHZ5OEZnSkpnTWpTamhDMTNJVHItRnY1S1RVOWVhZE4zT2pBTWxmNEtBVEwya2dlTnNjemxzVlhGQmNKam5tZjVsbl9SQ3JRTDRnRFhJWWp3N1E?oc=5,W/Bank Alert Sparks New Worries Over Nigeria’s Sticky Food Inflation,W/Bank Alert Sparks New Worries Over Nigeria’s Sticky Food Inflation - Independent Newspaper Nigeria,"Mon, 06 Jul 2026 07:00:00 GMT",Independent Newspaper Nigeria,independent.ng,2026-07-06 07:00:00+00:00,2026-08-14 12:10:20.027787+00:00,wbank alert sparks new worries over nigerias sticky food inflation,True,True,True,True
Nigeria food affordability,https://news.google.com/rss/search?q=Nigeria%20food%20affordability&hl=en-NG&gl=NG&ceid=NG%3Aen,https://news.google.com/rss/articles/CBMid0FVX3lxTE5GSmpHaWxMazhsaVRSS3JGU1I0T3JsRWpNMER3YjRQRVk0Z1JxZjBOOGpjQlltdmFOMFNVWXp6eUM0N3ZBV3hfa0kyTXNmSzlfem9GNWpUekpFb3E5dHlXTVAtNTc4ajdWTHN4UENtZ1o4emxhVDF3?oc=5,Nigeria’s inflation rate slows to 20.12% in August as food prices ease,Nigeria’s inflation rate slows to 20.12% in August as food prices ease - TechNext.ng,"Tue, 07 Jul 2026 15:53:38 GMT",TechNext.ng,technext24.com,2026-07-07 15:53:38+00:00,2026-08-14 12:10:20.027787+00:00,nigerias inflation rate slows to 2012 in august as food prices ease,True,True,True,True
Nigeria food prices,https://news.google.com/rss/search?q=Nigeria%20food%20prices&hl=en-NG&gl=NG&ceid=NG%3Aen,https://news.google.com/rss/articles/CBMipwFBVV95cUxOell1Ti1tWjV0ajJZQUljYXNMM1gzazRycUVjUTNmS0xxdnlPbmlSZnZUdFNSODNpU0NpNEdrVjBpNGludGxBREt4VGNJTFJXemVxYkxKZUhGWVI0TFRLb1NubWtuYXY5QktNR2FXNm9jbWxEbHZXelk5MXpmV3lvM1pNVi1lY0VRSTBsVU4yZW90YlN3ay1nUlg4LW1nOXkzOFR4U0l6Yw?oc=5,"IMF sees Nigeria’s economy grow by 4.1%, worries about rising food prices, poverty","IMF sees Nigeria’s economy grow by 4.1%, worries about rising food prices, poverty - The Guardian Nigeria News","Wed, 08 Jul 2026 07:00:00 GMT",The Guardian Nigeria News,guardian.ng,2026-07-08 07:00:00+00:00,2026-08-14 12:10:20.027787+00:00,imf sees nigerias economy grow by 41 worries about rising food prices poverty,True,True,True,True
Nigeria food prices,https://news.google.com/rss/search?q=Nigeria%20food%20prices&hl=en-NG&gl=NG&ceid=NG%3Aen,https://news.google.com/rss/articles/CBMiuAFBVV95cUxOWmd0REtJOGFBZ0FPWEdBbnlZTEJ1dGdlOERJRFVtTDVSaTcyNm5mTVd4am5JeXJ2MlRhRWF5aUc4RmZiMmw5R2d4MDBYUmI3N1MtaFFJWEJZRm9sdGp2N1p3dW8zY0g1amF1LTh0dTR5QjNZUTFzc01keTFYVUVQVTF4bDlnNjVCUEhMRnBKbktxanF4OWJDdXlnZW1DSHgwVzJFWHY3eTZlMTBwM0l4a0E2UnlSUUM5?oc=5,"IMF says higher essential commodities prices could worsen poverty, food insecurity in Nigeria","IMF says higher essential commodities prices could worsen poverty, food insecurity in Nigeria - TheCable","Wed, 08 Jul 2026 07:00:00 GMT",TheCable,www.thecable.ng,2026-07-08 07:00:00+00:00,2026-08-14 12:10:20.027787+00:00,imf says higher essential commodities prices could worsen poverty food insecurity in nigeria,True,True,False,True
Nigeria rice prices,https://news.google.com/rss/search?q=Nigeria%20rice%20prices&hl=en-NG&gl=NG&ceid=NG%3Aen,https://news.google.com/rss/articles/CBMiiwFBVV95cUxQMkVHeWF6ZmdqczZCaDZ3RUM3cnBqVVdVczBfMmRTdmFJSzNHTVZUNGpVek03X0diUEk1NFA1OEgyY0ZJZk02VlpGOEJOaXBvNElWck1QTFFhQlZzVFFtMks4a0R4QnNGRGZtOFVtLUJWTzVRWkpjeDdJaTAySk5nMFlua2phYm9PeUs0?oc=5,Rice traders attribute stable prices to import waiver,Rice traders attribute stable prices to import waiver - Realnews Magazine,"Thu, 09 Jul 2026 07:00:00 GMT",Realnews Magazine,realnewsmagazine.net,2026-07-09 07:00:00+00:00,2026-08-14 12:10:20.027787+00:00,rice traders attribute stable prices to import waiver,True,True,False,True
Nigeria food prices,https://news.google.com/rss/search?q=Nigeria%20food%20prices&hl=en-NG&gl=NG&ceid=NG%3Aen,https://news.google.com/rss/articles/CBMipwFBVV95cUxNQ3o0dlRsYkQ1Z0tuTUdON1FKY1FuQ3c0WG9LMEs0NUhZNGp3WWtMa1RzbTl0elR3TWFOMTVQQUpTcDZwNjkzZDRqSVE5dlVMWTJrTUJHZ2QwQ0NIWDhfMnl2TWc0dWEzXzhjdzJ6Ym5BS0N0cVJpRWZGalNKMU5RS3RtTnQ1VDQ4UE03UnI1Z2x3QTFFLWt0eXlDSlZzYkUtT0djbDBfTQ?oc=5,"Effects of the Iran Conflict on Fuel, Fertilizer, and Food Prices in Nigeria","Effects of the Iran Conflict on Fuel, Fertilizer, and Food Prices in Nigeria - American Enterprise Institute - AEI","Fri, 10 Jul 2026 18:39:26 GMT",American Enterprise Institute - AEI,www.aei.org,2026-07-10 18:39:26+00:00,2026-08-14 12:10:20.027787+00:00,effects of the iran conflict on fuel fertilizer and food prices in nigeria,True,True,True,True
Nigeria purchasing power food,https://news.google.com/rss/search?q=Nigeria%20purchasing%20power%20food&hl=en-NG&gl=NG&ceid=NG%3Aen,https://news.google.com/rss/articles/CBMiqwFBVV95cUxNcC1wTjdYQlJWMkcxMU1UZEdhS2tGcXNQaWZONk9CV05GZEZoZTlKMXVWeUpLRk5lWHVyeGxPV2UyTU5XTEhmaUoxYzhOSGNKbEliQWVUb2xTdFJCWm93SkZ1YlA3ZjJaMHJjd280NFNDMXdYbVpESzJJY1pqYVEwc2VlQ2t0UnYySjEtbmtPV1ZQYTBKdlUzcWE3OVd5LVRRb1FTcjNzaGZqZ2s?oc=5,"‘Inflation worry, weak purchasing power undermining 4.1% growth outlook’","‘Inflation worry, weak purchasing power undermining 4.1% growth outlook’ - The Guardian Nigeria News","Mon, 13 Jul 2026 07:00:00 GMT",The Guardian Nigeria News,guardian.ng,2026-07-13 07:00:00+00:00,2026-08-14 12:10:20.027787+00:00,inflation worry weak purchasing power undermining 41 growth outlook,False,True,True,True
Nigeria food prices,https://news.google.com/rss/search?q=Nigeria%20food%20prices&hl=en-NG&gl=NG&ceid=NG%3Aen,https://news.google.com/rss/articles/CBMib0FVX3lxTE5wSmFrNXNxeVl4SjdfQXM2bXl4b0pYUGo0VEJZaUpOLTdMVE9NQy1PQmx0WktnWUVVemtTQlIwODRudHhXeWtYOFJRZEV6WmlGdDNXZEZMSDJ6LVRieUM2YzUyMG9OeDd2T0VpVjJ5Zw?oc=5,"IMF say as prices of goods dey go up, poverty, food wahala go increase for Nigeria","IMF say as prices of goods dey go up, poverty, food wahala go increase for Nigeria - TRT Afrika","Tue, 14 Jul 2026 06:48:00 GMT",TRT Afrika,www.trtafrika.com,2026-07-14 06:48:00+00:00,2026-08-14 12:10:20.027787+00:00,imf say as prices of goods dey go up poverty food wahala go increase for nigeria,True,True,False,True
Nigeria food prices,https://news.google.com/rss/search?q=Nigeria%20food%20prices&hl=en-NG&gl=NG&ceid=NG%3Aen,https://news.google.com/rss/articles/CBMijgFBVV95cUxOS2Y0SGp6c0pTWGR2Q0o2c19BVDY4V3BPSEJ4MVhacnJyNDIzaC1ZLXlCQzlqRzRRRVU1SGNJLXNkeFNJdXEzUDU5ckNoRklvajNIbXlKeFFHY1I2MnpkdWttSjE0bEZvb3IzUVNPbGhPV3ZMU1Fkc2R4TmhLMEJ4MHN4ZWxTdzFVcGVlaWxB?oc=5,Inflation eases to 15.91% despite rising food prices — NBS,Inflation eases to 15.91% despite rising food prices — NBS - Punch Newspapers,"Wed, 15 Jul 2026 07:00:00 GMT",Punch Newspapers,punchng.com,2026-07-15 07:00:00+00:00,2026-08-14 12:10:20.027787+00:00,inflation eases to 1591 despite rising food prices nbs,True,True,True,True
Nigeria food prices,https://news.google.com/rss/search?q=Nigeria%20food%20prices&hl=en-NG&gl=NG&ceid=NG%3Aen,https://news.google.com/rss/articles/CBMif0FVX3lxTE1tYWY3bXkyS3Jqck4za0JmcEk1WDZkUnBsc0lmcGt3Y0RlYjM2SHVVTWtFQXdDdlU0dE1jc2RoWlFlV09TM09pWm1aRHZjeW9UVTlKdHdxdGx4UHFIMENDR1pjTHVuQUF2alhneXlGZWNvWE5uWFdDc3JsazlQQzg?oc=5,Headline inflation drops amid rising food prices,Headline inflation drops amid rising food prices - The Guardian Nigeria News,"Wed, 15 Jul 2026 07:00:00 GMT",The Guardian Nigeria News,guardian.ng,2026-07-15 07:00:00+00:00,2026-08-14 12:10:20.027787+00:00,headline inflation drops amid rising food prices,True,True,True,True
Nigeria food inflation,https://news.google.com/rss/search?q=Nigeria%20food%20inflation&hl=en-NG&gl=NG&ceid=NG%3Aen,https://news.google.com/rss/articles/CBMilAFBVV95cUxOeUJUbTZ4S1EzMVoyLUI3RmEtRVlMMFliWmxoZV9FTVhlY1pFX2ttZjNndU9oVU9NNVBGcThmS3c2SUpkSFZLY3VBUHpSanRuODM0YnJHYkJDbE1MRjBLRF93Y21wdnB0TVNyRzZuMGMybVJydW5ydFJJVWpnb3BrS1ZxQS11UzUwVGRpaDk2NVA0TWVL?oc=5,Food inflation hits 17.52% but headline inflation eases,Food inflation hits 17.52% but headline inflation eases - Business News Nigeria,"Wed, 15 Jul 2026 07:00:00 GMT",Business News Nigeria,businessday.ng,2026-07-15 07:00:00+00:00,2026-08-14 12:10:20.027787+00:00,food inflation hits 1752 but headline inflation eases,True,True,True,True
Nigeria food inflation,https://news.google.com/rss/search?q=Nigeria%20food%20inflation&hl=en-NG&gl=NG&ceid=NG%3Aen,https://news.google.com/rss/articles/CBMiqgFBVV95cUxPU0k2ZUZnV1RTazcyNkhsRE5oWDJfWFZfaEkwcVllOG9HRmNfenNybjFjTEdhSzE0NTRNMFVXZUh0d0NNOWxqOUVIZ2QyalBOQzJIOVliY2k2eGNFcWFaY3BWV2cxazhIMkdzZzBXcWU5bVc1bXp6ZERtS3hYbWgtSWpVeFI4dGlvWkNYSHh5YnZyNXNUODNrckd1QllfUGJTVjcyYVRUcnc0Zw?oc=5,Kogi tops states with food inflation above 50% as household costs bite,Kogi tops states with food inflation above 50% as household costs bite - Business News Nigeria,"Wed, 15 Jul 2026 07:00:00 GMT",Business News Nigeria,businessday.ng,2026-07-15 07:00:00+00:00,2026-08-14 12:10:20.027787+00:00,kogi tops states with food inflation above 50 as household costs bite,True,True,True,True
Nigeria food prices,https://news.google.com/rss/search?q=Nigeria%20food%20prices&hl=en-NG&gl=NG&ceid=NG%3Aen,https://news.google.com/rss/articles/CBMimwFBVV95cUxPQVJQMXRFeEkxV1NCOEpqRU9MbkEwNFFSRXRSR2M0Rlpzd2NWbEJFZHNUT3hGeWNOWl95RmozSnFpYTFYdkhWZGpJNmJYdUU4ODM2TXRCM3NNYUZFckhYU1JZNlBmaDYxcE1kS3ByMzBxTThKaXVjQldERVVhTzVFQkNhMXNqa3pDRThGNHgwYV9lQ3FJYjg0TURvTQ?oc=5,Nigeria’s inflation rate drops slightly to 15.91% amid steep food prices,Nigeria’s inflation rate drops slightly to 15.91% amid steep food prices - TheCable,"Wed, 15 Jul 2026 07:00:00 GMT",TheCable,www.thecable.ng,2026-07-15 07:00:00+00:00,2026-08-14 12:10:20.027787+00:00,nigerias inflation rate drops slightly to 1591 amid steep food prices,True,True,True,True
Nigeria food inflation,https://news.google.com/rss/search?q=Nigeria%20food%20inflation&hl=en-NG&gl=NG&ceid=NG%3Aen,https://news.google.com/rss/articles/CBMi0wFBVV95cUxPMGFTalhYcUFtTi1uNnhmN3I5U1FKRFJCclhRMVFoQ1ZNOFFWallmb3AtTXlnOThkZTBMb0Z0WC1DVkJSdmd6bXFXeFliUEF3d2JfeXlxNWZ5enMwak5XQkd4U1h1eWNzZ3NKQlg4UmRRa21WemJIbi0wTm9LRHA0ZHVPRWNqZjBhM3dURTFsaVVaR21yUjc5Vl9kU1ktLTdRVEMwYmQ2c1ZORXMwY1JVNllGWTZnZ0lWRFpZem85ekliRzlaTEFFTjdfZG9iNUZjNDZr?oc=5,Food inflation remains biggest threat despite easing headline rate – CPPE,Food inflation remains biggest threat despite easing headline rate – CPPE - Premium Times Nigeria,"Thu, 16 Jul 2026 07:00:00 GMT",Premium Times Nigeria,www.premiumtimesng.com,2026-07-16 07:00:00+00:00,2026-08-14 12:10:20.027787+00:00,food inflation remains biggest threat despite easing headline rate cppe,True,True,True,True
Nigeria food prices,https://news.google.com/rss/search?q=Nigeria%20food%20prices&hl=en-NG&gl=NG&ceid=NG%3Aen,https://news.google.com/rss/articles/CBMiiwFBVV95cUxPU1pLeEg3NE5wMXhBRXRrVmFCb1hIVmF3M1pOeTRUR1ZMTDhuQXdGTEE1Tl9BWGV1QXZuMU03bm95bzJBZ0ppX19HTHpCN2dHblJfVFAxYkpHVE8xdDVhRzViUnRBMlJDazg5clZCUVpMNGh1SlkxX0pnUmxYWVpFMDRfTTNBWERQNzdF?oc=5,Nigeria’s Inflation Slips To 15.91% As Food Prices Tighten Grip,Nigeria’s Inflation Slips To 15.91% As Food Prices Tighten Grip - Arise News,"Thu, 16 Jul 2026 07:00:00 GMT",Arise News,www.arise.tv,2026-07-16 07:00:00+00:00,2026-08-14 12:10:20.027787+00:00,nigerias inflation slips to 1591 as food prices tighten grip,True,True,True,True
Nigeria food prices,https://news.google.com/rss/search?q=Nigeria%20food%20prices&hl=en-NG&gl=NG&ceid=NG%3Aen,https://news.google.com/rss/articles/CBMigAFBVV95cUxQVllRU0g2TGJaMk5sM0xtUWp1UjluX0pqNU5IMWMzR0FMX2ZWd3pIUllVUE01YzhJWHpPdGkzaVdhODNBNG5WMms1X3dnTGtEamFFYkhRUEh2SURNVDg5RnlNQ25kekZIYTRkaEZLU2FzV0pWVk5CR0tMTGNzV3k3ZQ?oc=5,BUA expands food production to tackle high prices,BUA expands food production to tackle high prices - The Guardian Nigeria News,"Thu, 16 Jul 2026 07:00:00 GMT",The Guardian Nigeria News,guardian.ng,2026-07-16 07:00:00+00:00,2026-08-14 12:10:20.027787+00:00,bua expands food production to tackle high prices,True,True,False,True
Nigeria staple food prices,https://news.google.com/rss/search?q=Nigeria%20staple%20food%20prices&hl=en-NG&gl=NG&ceid=NG%3Aen,https://news.google.com/rss/articles/CBMitgFBVV95cUxNQXdrYnc1VDlxYlFnYjE0WHRsNmFfRlJ4RWhEUGY3b1M1eFNUNHA4ZGZaQURBeHRXNHJEbHVhUUZYdDNCTlVfQUh2eFRkN21KWEt1N3ZSOGdRWldHblJMRWY3NUVDQnIyR01VZnplaW9pdWdReHdIVHREVUpWcUl4V2o4cnVOemdHSl90MTE5Y1RpQUI3QW9GcjNuSWgwSG53TXJMTkd3Vk81T2R5MnUySTNJZ2FfZw?oc=5,Bongo launches price transparency platform amid rising food costs,Bongo launches price transparency platform amid rising food costs - Business News Nigeria,"Fri, 17 Jul 2026 07:00:00 GMT",Business News Nigeria,businessday.ng,2026-07-17 07:00:00+00:00,2026-08-14 12:10:20.027787+00:00,bongo launches price transparency platform amid rising food costs,True,True,False,True
Nigeria purchasing power food,https://news.google.com/rss/search?q=Nigeria%20purchasing%20power%20food&hl=en-NG&gl=NG&ceid=NG%3Aen,https://news.google.com/rss/articles/CBMipAFBVV95cUxQSmZPWXpYVzRQLUM2a3pmcU5BcGpUeFFheVR0VEhIbFAyMTA2LWxBLXgtekVmSXJOVkFYdThUTEdvVTNUTDFCZDNfbDFZNkhSQzhraVJabDRiOVQ4aWlqcEZqWFlRWjRBV3BJRjBDbjlPWFJEbkYxVTgwT1hKWGxfbXg2R0hmOHlvLUJpU0xvdnNYSjJYZ2NoZG9pbng5b0NWODQyMQ?oc=5,"High food prices pose serious threat to low inflation, says CPPE","High food prices pose serious threat to low inflation, says CPPE - The Guardian Nigeria News","Fri, 17 Jul 2026 07:00:00 GMT",The Guardian Nigeria News,guardian.ng,2026-07-17 07:00:00+00:00,2026-08-14 12:10:20.027787+00:00,high food prices pose serious threat to low inflation says cppe,True,True,True,True
Nigeria food prices,https://news.google.com/rss/search?q=Nigeria%20food%20prices&hl=en-NG&gl=NG&ceid=NG%3Aen,https://news.google.com/rss/articles/CBMimgFBVV95cUxOZG4xbWxXakppSzFhOHJqUk5SSnhuU29LdmN1SEtkZHpadmhfT25fcDZ5RUZPWU9tT3RrVDIwN2FyRXhjeFBTOW9zd1p2MzFLc1hhTkhPSE1qMmo3emlaa3dVOTdUQkVoOGFFaUZValFsR1g5MERCX29VZ29TNnhkWWhyWGVUTGtxX3lWRGM5UDFRSDlRZmNfVUtB?oc=5,Rising Food Prices Not Good for Nigeria's Inflation Gains—CPPE &,Rising Food Prices Not Good for Nigeria's Inflation Gains—CPPE & - Business Post Nigeria,"Fri, 17 Jul 2026 07:00:00 GMT",Business Post Nigeria,businesspost.ng,2026-07-17 07:00:00+00:00,2026-08-14 12:10:20.027787+00:00,rising food prices not good for nigerias inflation gainscppe,True,True,True,True
Nigeria food inflation,https://news.google.com/rss/search?q=Nigeria%20food%20inflation&hl=en-NG&gl=NG&ceid=NG%3Aen,https://news.google.com/rss/articles/CBMifkFVX3lxTE9uVnZ6QnBCV1ZfcGJieVBoYzdEcXJOR1l5Z1VUYkFGVkxpdHEyeWpyMkdPckNSYnFRaVpETVoxLVNkRkZoQkFGNThZdDhOT3J1eHdDZGktZ3RRd3NWMWw2UXE5bmFiUHhrXzdFamdLQkpCM3ZNakUtd0x1VEV6QQ?oc=5,Food Inflation: FG Targets 25 Million Tonnes of Grain,Food Inflation: FG Targets 25 Million Tonnes of Grain - Punch Newspapers,"Sat, 18 Jul 2026 07:00:00 GMT",Punch Newspapers,punchng.com,2026-07-18 07:00:00+00:00,2026-08-14 12:10:20.027787+00:00,food inflation fg targets 25 million tonnes of grain,True,True,True,True
Nigeria food prices,https://news.google.com/rss/search?q=Nigeria%20food%20prices&hl=en-NG&gl=NG&ceid=NG%3Aen,https://news.google.com/rss/articles/CBMi0gFBVV95cUxOQWEtYWRCVGZYNENGQ1JrY1NKYnhsejEwU3cwbUQyVWRQSEJhMlF4dW1Lam8xNWNWM3V6OHZkWmlfNGZacjk2eFIyS1RKY2hlaUhQV0F3ZTZLdC05UGNsTmg4Z1VwN25PUS04cTMyYXNURTMxYWxMdUthSmFjVnpWdUZOT0hjeGJRRG1nQVYxQWFuQWtleUVvdk51Q2d4c0JQR2UzOWliNTBEcFhHTURYSzU3MXNvYTZuZHA1NWlqazRMcTNHYXFBREpYZHVoeUoyUlE?oc=5,"Cost of cooking jollof surges 400% in a decade as insecurity, floods drive up food prices","Cost of cooking jollof surges 400% in a decade as insecurity, floods drive up food prices - Business News Nigeria","Tue, 21 Jul 2026 07:00:00 GMT",Business News Nigeria,businessday.ng,2026-07-21 07:00:00+00:00,2026-08-14 12:10:20.027787+00:00,cost of cooking jollof surges 400 in a decade as insecurity floods drive up food prices,True,True,True,True
Nigeria food prices,https://news.google.com/rss/search?q=Nigeria%20food%20prices&hl=en-NG&gl=NG&ceid=NG%3Aen,https://news.google.com/rss/articles/CBMingFBVV95cUxNQnpiSDZWQjk1Y09US1NJMjRncW5rUDV3c3lWcGVlbzZla1lEcHJmZlBlY1ZzZzlHVTVtVFdaTTdxZXhXOXd0THotRFhTZDVrOGxQWGdhVzlwY1J5WENLMWk4SGNxa3BQWlZPa3VweDl6eDk1ZVV6RjFWNmRXNWljZTRLQzVDeHRNOFlzajlJeVRUY3ZSWUpaLWVUNmtGUQ?oc=5,"Food prices, Middle East tensions drive CBN’s latest decision","Food prices, Middle East tensions drive CBN’s latest decision - PM News Nigeria","Wed, 22 Jul 2026 07:00:00 GMT",PM News Nigeria,pmnewsnigeria.com,2026-07-22 07:00:00+00:00,2026-08-14 12:10:20.027787+00:00,food prices middle east tensions drive cbns latest decision,True,True,True,True
Nigeria rice prices,https://news.google.com/rss/search?q=Nigeria%20rice%20prices&hl=en-NG&gl=NG&ceid=NG%3Aen,https://news.google.com/rss/articles/CBMiT0FVX3lxTE02VDZ4TzFFemswSlBZd0dYTjZicVlUZFJCRU1XcUltSS12VTVNaEJJTDVPd2Zic3NoXzhnLW9VM0ZleWZJSTQ5VEVsQkpNbHfSAa4BQVVfeXFMT0R4cGY2M080a0hIUENobVZpQndBNk84NzRCa0dOZVVoOHJNSVctOFdpTVdVWEZWbGc2UDR3c0hGX3YxWENZVWhHaDhpUDYxSVYxUFZPMXRwY1M1TGtONXJ3WFRuck1TQ1pCRjdVazZYVWtGSS1BclMxZGh6MkhqOWgyaURzSmdNSm1LQkNsX0VERGJXZmdfNjhSYUxfQnNNVW9pVjhrRlR2eHd3MUZB?oc=5,"N40,000 rice bag illusion: Why local harvests aren’t dropping market prices yet","N40,000 rice bag illusion: Why local harvests aren’t dropping market prices yet - Tribune Online","Wed, 22 Jul 2026 07:00:00 GMT",Tribune Online,tribuneonlineng.com,2026-07-22 07:00:00+00:00,2026-08-14 12:10:20.027787+00:00,n40000 rice bag illusion why local harvests arent dropping market prices yet,True,True,False,True
Nigeria rice prices,https://news.google.com/rss/search?q=Nigeria%20rice%20prices&hl=en-NG&gl=NG&ceid=NG%3Aen,https://news.google.com/rss/articles/CBMiygFBVV95cUxNNkhQa2hmbzU2dFdFZm9sdGFqWjZCZFY3TU5Dd1BZamtaZE40TzNlek41dTNTS0hBLVJaN09pYkJ2T2g5R1RjbUNvMXlpTmd3RnI2NkVtbUJCdkpEcURFTG5Ycm1UOFM1LVZSeXlNelo3cFF5M3ZkVi1MUmVxSHJlblFqdF9VbFBPeTF5TGZ5cDh3SmkycDU0T0NvakI5QkkyUmJaUHhnV2VYNzF3NzdNcVRoQnJicnVzd2w3TDg4ZWZndEt0SnpxZVZR?oc=5,Cost of preparing pot of jollof rice up 14.6% in 11 months – Report,Cost of preparing pot of jollof rice up 14.6% in 11 months – Report - Premium Times Nigeria,"Wed, 22 Jul 2026 07:00:00 GMT",Premium Times Nigeria,www.premiumtimesng.com,2026-07-22 07:00:00+00:00,2026-08-14 12:10:20.027787+00:00,cost of preparing pot of jollof rice up 146 in 11 months report,True,True,False,True
Nigeria food prices,https://news.google.com/rss/search?q=Nigeria%20food%20prices&hl=en-NG&gl=NG&ceid=NG%3Aen,https://news.google.com/rss/articles/CBMigwFBVV95cUxPOVhCTDN6Y0pQZTZqelBUUkVZcmdnc0s0UjZNSUdEZ3UxSWh2RVVpN0NJMWZ2eS1CTThvdEdvOXpMQ1c1Q0dIc3hiTVhwb19BeHJTWVBTZEl2RGRkSjlaUTk1c0RPUEpqcEdyR1NOZmV1SlJENnpVdGNSWXNKczA3d1pHZw?oc=5,A 624% Surge Lays Bare Nigeria’s Structural Food Crisis,A 624% Surge Lays Bare Nigeria’s Structural Food Crisis - Independent Newspaper Nigeria,"Thu, 23 Jul 2026 07:00:00 GMT",Independent Newspaper Nigeria,independent.ng,2026-07-23 07:00:00+00:00,2026-08-14 12:10:20.027787+00:00,a 624 surge lays bare nigerias structural food crisis,True,False,True,True
Nigeria food prices,https://news.google.com/rss/search?q=Nigeria%20food%20prices&hl=en-NG&gl=NG&ceid=NG%3Aen,https://news.google.com/rss/articles/CBMi3wFBVV95cUxPNHpWRm9pNlVEMzRxX1FQdmpfMUpTMW0tSm5Uc0U5MDhJUHVqbU5HcHJ1Njg4OXZWbEtIUmFmT1dqbnU0X0pMS0JHSUppWjA2UkRjVlkyUjFHdmg3Rk9hWHhsX3FvaFFPX3g4TC1rTXkyWi1KT3lrRGRTcm9hU1owMHNFQnlfRjhJenZHbU9kOWdpTE9qM3hNa0lCeE1Kcm05Y2tub0Yxc19MeGxBWERKNXM0NHFyX1VVMENWYy1hQzZmRFUxR2c3R19sVC1uT25IQVBWRUNBQkZydUNrZzBR?oc=5,"Report: Cost of Cooking Jollof Rice Soars 624% in 10 Years as Climate, Insecurity Deepen Nigeria’s Food Crisis","Report: Cost of Cooking Jollof Rice Soars 624% in 10 Years as Climate, Insecurity Deepen Nigeria’s Food Crisis - THISDAYLIVE","Thu, 23 Jul 2026 07:00:00 GMT",THISDAYLIVE,www.thisdaylive.com,2026-07-23 07:00:00+00:00,2026-08-14 12:10:20.027787+00:00,report cost of cooking jollof rice soars 624 in 10 years as climate insecurity deepen nigerias food crisis,True,True,True,True
Nigeria food prices,https://news.google.com/rss/search?q=Nigeria%20food%20prices&hl=en-NG&gl=NG&ceid=NG%3Aen,https://news.google.com/rss/articles/CBMingFBVV95cUxQb2thdGxlWkRBU3RpRjhhQXQ5VXlhUExnUm9JMTMxMTZnMDlsVzdIMXlCYzJWSEE0dzFjVjdxV2dGR1E4b3pHNlh5RFpfOENRYS1fUlVzMHhXTGR1T09PQ04xSTN5enBuZHc0aUI1SmJXQlNMNnVHeEd6VENIdVFFcTRybm4xRDRURnVUV1RyNTBjT25ZOHZwUDBfWjVDQdIBowFBVV95cUxOdUtjbGhFTzgxMVdkT1lzYW9EbFpHQ3lidFNSb3gzQ1Q3WXJVU2hCVkF0MlgxOFMyMk5VRnZONE1sZ2g3d3hzYXU4dWJobjItcUNKd0lUVFNEZDJ0SXJ3LWhUbG03SFh5cFRmbHgyUVR1Z19DUnJiZ3dFTjgtTU5VYnFnUWlLVl9FdzM0QWpzM29LdF9HY2M0clNjMHNDQzlyZGVZ?oc=5,"Higher fuel, transport, food prices loom as crude oil hits $100","Higher fuel, transport, food prices loom as crude oil hits $100 - Vanguard News","Fri, 24 Jul 2026 07:00:00 GMT",Vanguard News,www.vanguardngr.com,2026-07-24 07:00:00+00:00,2026-08-14 12:10:20.027787+00:00,higher fuel transport food prices loom as crude oil hits 100,True,True,True,True
Nigeria food prices,https://news.google.com/rss/search?q=Nigeria%20food%20prices&hl=en-NG&gl=NG&ceid=NG%3Aen,https://news.google.com/rss/articles/CBMitgFBVV95cUxNdG04NHdsUEt2WnhvS19fa2RFa18zYVRMejlSOTBZZjlYTGh1eTJiTmhLRlVXVndNTE5DVWdyUjF4NW90dHpvLU1GeEd6NU9zT0ZFWE5vanpHTUlyWW1pLW1CM2NUaU9oSEJ2SnR6ZjZ0VUFLZHdQRDdQVEt2aUo5VGZ1Ym9LVC13aXdnZ1B4SUxRLWU2U0dMUktZbTZzU1cwMF84eVJmNlY5Ymc1eFZ3Z3dSTm1WUQ?oc=5,"Three Years in Office: Agriculture grows under Tinubu, but food prices double","Three Years in Office: Agriculture grows under Tinubu, but food prices double - dataphyte.com","Fri, 24 Jul 2026 07:00:00 GMT",dataphyte.com,www.dataphyte.com,2026-07-24 07:00:00+00:00,2026-08-14 12:10:20.027787+00:00,three years in office agriculture grows under tinubu but food prices double,True,True,True,True
Nigeria rice prices,https://news.google.com/rss/search?q=Nigeria%20rice%20prices&hl=en-NG&gl=NG&ceid=NG%3Aen,https://news.google.com/rss/articles/CBMimgFBVV95cUxQMk5ZVGY0Ui03Qk10Z3hJMTd6N0lxQnBTSEJzanphdUdMNnlBMXBrSlQ5aFhmUUNfQ3FDZE5CWG96R3ZrNnEtcDlmVnZPWUNnM0FJM0xqSGNaejg1M1F1WmpIb19jWGp1SFFXejBwYkUzTmVPaXNTQXcxN3FBQ3BFNGFCV1NUZ0xWM191OWE1cDV3Y3U0TkQwLUhB0gGfAUFVX3lxTE1oanBNYmhrTVFsZG55emdmU1ppQnJsZjl2dkdSLWY1d3JOSzRwMmFtMngwZkd3TGFQcGVTYVdxQkJQamFHVXV0b2szZ1VQai1IU2lVTjZtdkhzMDVMWE9IRmVKS19WY1J5OTI3em1HM0ZzbFJteFY1UUctTEJDRnEyckpiaHM1eWJIN2otODl6NTB5MGpjLUxiTkllTVpJOA?oc=5,"Nigeria may face rice, tomato scarcity in 3 months — OTACCWA","Nigeria may face rice, tomato scarcity in 3 months — OTACCWA - Vanguard News","Sun, 26 Jul 2026 07:00:00 GMT",Vanguard News,www.vanguardngr.com,2026-07-26 07:00:00+00:00,2026-08-14 12:10:20.027787+00:00,nigeria may face rice tomato scarcity in 3 months otaccwa,True,True,False,True
Nigeria cost of living,https://news.google.com/rss/search?q=Nigeria%20cost%20of%20living&hl=en-NG&gl=NG&ceid=NG%3Aen,https://news.google.com/rss/articles/CBMiT0FVX3lxTE8xblBNNWEyX1hCaE5YcEkyako1aDhVMndHbHdNaE1kRmZraENPZi1EY2RkWk5RV1JUUURUY3VMUWN2alE1aFJmenlvNXpqTDA?oc=5,The cost of living: What Nigerian workers say about their labour worth in 2026,The cost of living: What Nigerian workers say about their labour worth in 2026 - Tribune Online,"Tue, 28 Jul 2026 07:00:00 GMT",Tribune Online,tribuneonlineng.com,2026-07-28 07:00:00+00:00,2026-08-14 12:10:20.027787+00:00,the cost of living what nigerian workers say about their labour worth in 2026,False,True,True,True
Nigeria cost of living,https://news.google.com/rss/search?q=Nigeria%20cost%20of%20living&hl=en-NG&gl=NG&ceid=NG%3Aen,https://news.google.com/rss/articles/CBMirAFBVV95cUxPN2duNFJFbHFGZVhWQnhqZElMV2NfRlg1SlE1UEExenduOHJQS3JJT3dPV3ZfZXVkYnRadTRzSnNMQm9YMjRwekNGX09oYUVzZ2dpZTU2WWVvV0pEM1pUaXhCaEwyWmRWTE4yYnFJbzNxUEZ0OFJmWVlWWHhVVUs3X21xazlqcnVEclVFVnlpVnN6QWhqYVNOWDN2TzcyX2xUSS14T1BWQXpLOTJa?oc=5,Cost of living tops five-year concerns for 43% of young Nigerians — survey,Cost of living tops five-year concerns for 43% of young Nigerians — survey - Business News Nigeria,"Fri, 31 Jul 2026 07:00:00 GMT",Business News Nigeria,businessday.ng,2026-07-31 07:00:00+00:00,2026-08-14 12:10:20.027787+00:00,cost of living tops fiveyear concerns for 43 of young nigerians survey,False,True,True,True
Nigeria cost of living,https://news.google.com/rss/search?q=Nigeria%20cost%20of%20living&hl=en-NG&gl=NG&ceid=NG%3Aen,https://news.google.com/rss/articles/CBMivAFBVV95cUxQT1A1dTBfVm9RREMzUlhLU0FzRXFKQ0g5bks1NmZrNzVqQ3V1UzRqNTNQYk1yM0hrVm1DZ3FnOFg2WjNITm1jSGcxWVlaSm5IZGFpRVU4WnVhU040Z2N2UTlGY0VDbW1ZalM5aGlqa2hiU2NHTW1MV0lPZmxxd19lNDlzZm1kbXhLMlZibElwZ1FpblJ2WWFMajlmdmhJSm8xdGZqUDMySS1SUUFNSDZIWHFGSzJUazZVeHFlaQ?oc=5,Revealed: How Nigerians Use AI-Powered Tech To Track Wasteful Spending Amid Rising Cost Of Living,Revealed: How Nigerians Use AI-Powered Tech To Track Wasteful Spending Amid Rising Cost Of Living - Independent Newspaper Nigeria,"Sat, 01 Aug 2026 05:01:10 GMT",Independent Newspaper Nigeria,independent.ng,2026-08-01 05:01:10+00:00,2026-08-14 12:10:20.027787+00:00,revealed how nigerians use aipowered tech to track wasteful spending amid rising cost of living,False,True,True,True
Nigeria food prices,https://news.google.com/rss/search?q=Nigeria%20food%20prices&hl=en-NG&gl=NG&ceid=NG%3Aen,https://news.google.com/rss/articles/CBMieEFVX3lxTE5IbmdfTk50QmQza2xxMWxIVDl3M1hHQ0V6OGpuclB5Vk5uaFhpSFp4QXFva2V5UmJ5ZmRUTDB6Nmc1LVNBSUVlLXZ4Ry04VmVTa3lqYmllZlNlTlBSdW9tNEc1bm84emREMnZHbW9zcEZ4eTJlSEZuaA?oc=5,Edible oil drives food inflation increase – Report,Edible oil drives food inflation increase – Report - Punch Newspapers,"Sun, 02 Aug 2026 07:00:00 GMT",Punch Newspapers,punchng.com,2026-08-02 07:00:00+00:00,2026-08-14 12:10:20.027787+00:00,edible oil drives food inflation increase report,True,True,True,True
Nigeria food prices,https://news.google.com/rss/search?q=Nigeria%20food%20prices&hl=en-NG&gl=NG&ceid=NG%3Aen,https://news.google.com/rss/articles/CBMi7wFBVV95cUxOc2ZDVmFWbXVwU1RkQWhDbEFiREtabGgxU25jMVFiS1ozWFF2dzB4N2ZGeWx3Sk93ekxOSmpyY0p0RVhWbmM4TzlJcTVaUmdhZTl2LUZRc0RoN00wUVhMWHRXemJkcExDZmViTFJMVkdwUGkyNVVNVHUxRzdnS0tHVTdkX0VjelJEWm50MEdLSExlWmkxZFNwc3laRURjNDExYTBOVWZPRU5yOEt0dkFuV1NpVkxpenBuUUxiNW5KZWpZQ210Mzk1VlpBMFppVDVTdlNvOFpSMjF1bE5OY2dDQmZuYUlmbU9DT2MxYUN2UQ?oc=5,"Nigeria - Key Message Update: Conflict and high food prices sustain Crisis (IPC Phase 3) outcomes in the north, July 2026 - January 2027","Nigeria - Key Message Update: Conflict and high food prices sustain Crisis (IPC Phase 3) outcomes in the north, July 2026 - January 2027 - ReliefWeb","Thu, 06 Aug 2026 01:58:55 GMT",ReliefWeb,reliefweb.int,2026-08-06 01:58:55+00:00,2026-08-14 12:10:20.027787+00:00,nigeria key message update conflict and high food prices sustain crisis ipc phase 3 outcomes in the north july 2026 january 2027,True,True,True,True
Nigeria cost of living,https://news.google.com/rss/search?q=Nigeria%20cost%20of%20living&hl=en-NG&gl=NG&ceid=NG%3Aen,https://news.google.com/rss/articles/CBMisAFBVV95cUxPS1BOYjFUM1VpNGlfYVlMdXlUUURIVERlWTMxUWFTWXRhU1c2MmdIck91SURGZGtIRXNaMFVqRHVmcWZKWjBhODFZeGZYbWItenNldmw1ank5VUNxX3VLLXNSOEo2UHY4QjZHOFo3eXVHSHNBZXg4MS1RWHJvYlJIZk1ZbF9nMmhHU2FwODR0cUxQTlR4amkyYVVrdzcxcnhpN0V4ODhCNGd5M0t6VzIxbA?oc=5,"Labour Leaders Lament Rising Cost Of Living, Demand Review Of ₦70,000 Minimum Wage","Labour Leaders Lament Rising Cost Of Living, Demand Review Of ₦70,000 Minimum Wage - LEADERSHIP Newspapers","Fri, 07 Aug 2026 13:49:49 GMT",LEADERSHIP Newspapers,leadership.ng,2026-08-07 13:49:49+00:00,2026-08-14 12:10:20.027787+00:00,labour leaders lament rising cost of living demand review of 70000 minimum wage,False,True,True,True
Nigeria food inflation,https://news.google.com/rss/search?q=Nigeria%20food%20inflation&hl=en-NG&gl=NG&ceid=NG%3Aen,https://news.google.com/rss/articles/CBMitAFBVV95cUxNeEZDUUNISnNTNWpFdmh5M2RmTVE0TFlNVnAzM2RtVkJWODlmVGVmRVg4MEZXaGdCXzR3QXFlNlBIMHVYS3MyWEp6VFRFMzZjR1FPQXk1ZWJzeFotb2QwWWdzVjZtT0VMejBTRG5mVWk3S1ZQNjNJX3pWem1kTzhxT3pFWmROLWFIcmdnTzl3c0xhZXFyN2dCcVZ5d3JqXzJRNHR1WTVxeXFnTmJlbm5UX1lOZlY?oc=5,Addresing impact of Nigeria's post-harvest losses on food inflation,Addresing impact of Nigeria's post-harvest losses on food inflation - CNBC Africa,"Fri, 07 Aug 2026 16:17:24 GMT",CNBC Africa,www.cnbcafrica.com,2026-08-07 16:17:24+00:00,2026-08-14 12:10:20.027787+00:00,addresing impact of nigerias postharvest losses on food inflation,True,True,True,True
Nigeria food prices,https://news.google.com/rss/search?q=Nigeria%20food%20prices&hl=en-NG&gl=NG&ceid=NG%3Aen,https://news.google.com/rss/articles/CBMiswFBVV95cUxNUC1WRURIVlR2eVJFZ25Qc21Gb2xPMUNYRjJJNEREa2pWZGNFWk5iYlZxazRESlN4TnhjR1RBc0tVQmJyZGxVNUNwTDcycWZXQWVFclNjakowcGlJR1YtUHJDT1FEaHlQTXRxeDQ1NGpkdWpYNGgzb2N0cjVjSTlCRnRzQ1N1NGpnNFp4b1RLN2ZZaWZoRDF0NUx2RFk4eUh5M1k2VEt6UzhiQThhVld3OWdDQQ?oc=5,Nigeria cannot fight food inflation while letting millions of tonnes of food go to waste,Nigeria cannot fight food inflation while letting millions of tonnes of food go to waste - TheCable,"Sat, 08 Aug 2026 08:40:00 GMT",TheCable,www.thecable.ng,2026-08-08 08:40:00+00:00,2026-08-14 12:10:20.027787+00:00,nigeria cannot fight food inflation while letting millions of tonnes of food go to waste,True,True,True,True
Nigeria cost of living,https://news.google.com/rss/search?q=Nigeria%20cost%20of%20living&hl=en-NG&gl=NG&ceid=NG%3Aen,https://news.google.com/rss/articles/CBMimgFBVV95cUxOOFVsVV9PZWJtVC1CRFBlRC1jRi1IMTZyR3BqUHRobkhoNVBUYnAtUEpaaUE4SlBIdWlPM2Y5R25IYnJOUmo3ZnF6eUJWcFZRNUh4elhldk0td2szLTB4bEp6QmF2VUo0RllkZHFfZ3dnUnhzYnNkRlR1aktxallTSVJZX0RZaFRJWWExNzRiQ1hSQW9DOEhoZVdB?oc=5,"Atiku Lambasts Tinubu, Says Nigerians Being Priced Out Of Decent Living","Atiku Lambasts Tinubu, Says Nigerians Being Priced Out Of Decent Living - The Whistler Newspaper","Sat, 08 Aug 2026 16:26:51 GMT",The Whistler Newspaper,thewhistler.ng,2026-08-08 16:26:51+00:00,2026-08-14 12:10:20.027787+00:00,atiku lambasts tinubu says nigerians being priced out of decent living,True,True,False,True
Nigeria cost of living,https://news.google.com/rss/search?q=Nigeria%20cost%20of%20living&hl=en-NG&gl=NG&ceid=NG%3Aen,https://news.google.com/rss/articles/CBMiuwFBVV95cUxON1RsdG1MZzF3eEJweHY1VmJkeU4tbF9oSXl6N3R2bV8zTThpdThtQXdUN2FrSGdyeXVfcFR1N3dIbktGWnVkdkYyc3JoMnN2M29SQ0ZGVHpNRGJJazFrVVFxT284RzlhN0lFaVN2a2dLYlFnUGFvTF9aWTNEenJLT2VOZ0NWWWRzRVFKUjlkdTFWbzRVZ0FSaDcwSXdraFNpVTUxVndMRWYxLWo5Y3pnZGstMXlhNFpsM0ZV0gHAAUFVX3lxTE56U01MZXlkNGljaS05Vk1VYjRTbkQteDFxQ3NWckVfMGQ5N1N0SEFhQnlOM1hGc1pGNWtrbkpZTm9qT0V3azNhckY1VGJ4Mk51TkNvODZwTl9FWUw5NFdaMF9icE1PQU41aUoydTFsVHdteWVhc0UtcVp0LTFSYUt3cml6UjQyNjRuU09MbVFobDN2SkUxY1FUdE1xd3MtbW53Z01SRDNHTmQ0YW1Td0tZMVBMU2hlb0k1RjZhcTctXw?oc=5,"Nigerians abandoning plans to buy homes, cars, Atiku slams Tinubu for cost of living","Nigerians abandoning plans to buy homes, cars, Atiku slams Tinubu for cost of living - Vanguard News","Sat, 08 Aug 2026 17:49:38 GMT",Vanguard News,www.vanguardngr.com,2026-08-08 17:49:38+00:00,2026-08-14 12:10:20.027787+00:00,nigerians abandoning plans to buy homes cars atiku slams tinubu for cost of living,False,True,True,True
Nigeria cost of living,https://news.google.com/rss/search?q=Nigeria%20cost%20of%20living&hl=en-NG&gl=NG&ceid=NG%3Aen,https://news.google.com/rss/articles/CBMigwFBVV95cUxQaVdMb1d1cUIzVHo5RXRUWFBHejRzak1kYlV3Zm1Qc3VCdVA2LUgzSDk1bTVVMnNmUFZSb2IyOGk2NlhGcUZDN2R5MkM5VDMwMlFvc2Mxcm0xYmF5M1BHdG5CcWRNT2dvU0ZGN1pVdlBPRzV4dzBSU3RmRlZXZDFZd09xVQ?oc=5,Tinubu Has Priced Nigerians Out Of Decent Living – Atiku,Tinubu Has Priced Nigerians Out Of Decent Living – Atiku - LEADERSHIP Newspapers,"Sat, 08 Aug 2026 21:37:38 GMT",LEADERSHIP Newspapers,leadership.ng,2026-08-08 21:37:38+00:00,2026-08-14 12:10:20.027787+00:00,tinubu has priced nigerians out of decent living atiku,True,True,False,True
Nigeria rice prices,https://news.google.com/rss/search?q=Nigeria%20rice%20prices&hl=en-NG&gl=NG&ceid=NG%3Aen,https://news.google.com/rss/articles/CBMigwFBVV95cUxNTHFRTHVELVRtV3gxRGg5RDV1Unlqd0xKYy1zbV9BZW1xNmtWYjNvSWctejNOamRMRTlrSzQxblZyM2tZUTJSRmtrZTVJa3dUSkpmanUzWTBiWDEyUFVCYVBtQmxsWm5JVS12bDc4TnJKMklwSlA2MV93R0Fmak03aGFJQQ?oc=5,"Rice millers decry import waiver, rising production costs","Rice millers decry import waiver, rising production costs - Punch Newspapers","Sun, 09 Aug 2026 01:21:28 GMT",Punch Newspapers,punchng.com,2026-08-09 01:21:28+00:00,2026-08-14 12:10:20.027787+00:00,rice millers decry import waiver rising production costs,True,True,False,True
Nigeria cost of living,https://news.google.com/rss/search?q=Nigeria%20cost%20of%20living&hl=en-NG&gl=NG&ceid=NG%3Aen,https://news.google.com/rss/articles/CBMixwFBVV95cUxQcHl5OEw5eDRzVTY1OFJVb2kwME1ZSm9mNW1OS1phbDlXSmZJUUNyaERzcnBBaFVBTVpLc1phOGhlOXpUQndYek1TNmFJNjg3MzJxSTRXRDRJb1p6dnBRVWxYV0ZGOHltRWJPUGdFdEZSSU0zcy1lM1dJQlN0MTlVRXVIaDNfcmgxVWhZMlRSVHFHejVQWUNuSEJvTW44ckJsclY5MFk3aVhPREEyd0xHUzNUakotMjVJd2tYMWRnei1abVRVdUl3?oc=5,Analysis-Nigerians’ cost of living pain deepens as election looms,Analysis-Nigerians’ cost of living pain deepens as election looms - Internazionale,"Mon, 10 Aug 2026 08:22:37 GMT",Internazionale,www.internazionale.it,2026-08-10 08:22:37+00:00,2026-08-14 12:10:20.027787+00:00,analysisnigerians cost of living pain deepens as election looms,False,True,True,True
Nigeria cost of living,https://news.google.com/rss/search?q=Nigeria%20cost%20of%20living&hl=en-NG&gl=NG&ceid=NG%3Aen,https://news.google.com/rss/articles/CBMiogFBVV95cUxNUEgyTGZsWGdtVlpLZWhiM3hnMnYtYTZHX3g2S2tTaERRekxYR3B2UFctM2llXzY3ODUybkNHVENIT28tMjNQLXBpem1GRVJwUTFMMDFVT3VVcXh6SGppNGJrQXA0MzBsTW9UbU9OeXB5aEN3bzA2VFJnTDZQczd2SGVDdjRHdkFLcXFRbjU1eDJjLU1XSHA5RE5xeE82c0NrM1E?oc=5,Can Nigeria’s Reforms Ease the Cost of Living Before Elections?,Can Nigeria’s Reforms Ease the Cost of Living Before Elections? - Modern Diplomacy,"Mon, 10 Aug 2026 08:31:46 GMT",Modern Diplomacy,moderndiplomacy.eu,2026-08-10 08:31:46+00:00,2026-08-14 12:10:20.027787+00:00,can nigerias reforms ease the cost of living before elections,False,True,True,True
Nigeria cost of living,https://news.google.com/rss/search?q=Nigeria%20cost%20of%20living&hl=en-NG&gl=NG&ceid=NG%3Aen,https://news.google.com/rss/articles/CBMiqwFBVV95cUxQWldxNHQyQlFWS0JKMFkycmVyZDFOT3J6U2tSOVpubjRJa0tzTjZsRTNvWG9WdWlmZnJCM2kzUFMtUmJCajhpVTZMWXFHbGU1QWJuYW45a1JvRVVteW9kN1Bhengyam1iU19CcXJsdDhXNHFzeGJNRUNZY3VjdTVPVjZ4aG1OX1BueTFiVEk1LWZnNlFpOE5WVUZMT3ZPTTFCcC12TWJjSDhlS1E?oc=5,Nigerians’ cost of living pain deepens as election looms,Nigerians’ cost of living pain deepens as election looms - Channel Africa,"Mon, 10 Aug 2026 08:46:58 GMT",Channel Africa,www.channelafrica.co.za,2026-08-10 08:46:58+00:00,2026-08-14 12:10:20.027787+00:00,nigerians cost of living pain deepens as election looms,False,True,True,True
Nigeria food prices,https://news.google.com/rss/search?q=Nigeria%20food%20prices&hl=en-NG&gl=NG&ceid=NG%3Aen,https://news.google.com/rss/articles/CBMiuwFBVV95cUxNa1ptSXVrMlZBY0VSeWx4M3gwNXJiSko1UFBLUi1lVGJEQTRURjllYXVURFZranI5RjdzczA3UGpTaW0xdlNfX3JrY25MR0lPRDhIV2d4ZG1VS09uUmpmNVJfZ3BiclZuS3o5Q1VESE1VNGNvVF9LbzQ4Z05VU29PWlNQWVZka3ZVYU56Sm5EdWJQV0pVbnBFd2c2UnFBX0R0TWp5Z2VWdVFpSEVodzRWeGZuZ29BRGdYVXQ4?oc=5,Nigeria’s Bango Uses Price Data to Bring Transparency to Food Markets,Nigeria’s Bango Uses Price Data to Bring Transparency to Food Markets - We are Tech,"Mon, 10 Aug 2026 19:54:49 GMT",We are Tech,www.wearetech.africa,2026-08-10 19:54:49+00:00,2026-08-14 12:10:20.027787+00:00,nigerias bango uses price data to bring transparency to food markets,True,True,False,True
Nigeria cost of living,https://news.google.com/rss/search?q=Nigeria%20cost%20of%20living&hl=en-NG&gl=NG&ceid=NG%3Aen,https://news.google.com/rss/articles/CBMinwFBVV95cUxQZUEzSDdKQmM1cmFtSUpxRGRqTVdWelRGT2NHVUNDZV9JaExndU1UNXdocmxpMXVRRVNUYmtLSlhpdXlTLU9xZEphcEo1eUM2a09Zbk9LYlZwQmltM1l2MkVzWFU3Y3J2WDdJdGx0YmROcjM3MTJRUzJndi1QZ2ppdDRuUmJCTHFOMFJTQl9JOTdvVlgxb3B5WWVseUhOWm8?oc=5,Nigerians' cost of living pain deepens as election looms,Nigerians' cost of living pain deepens as election looms - Reuters,"Mon, 10 Aug 2026 20:30:08 GMT",Reuters,www.reuters.com,2026-08-10 20:30:08+00:00,2026-08-14 12:10:20.027787+00:00,nigerians cost of living pain deepens as election looms,False,True,True,True
Nigeria cost of living,https://news.google.com/rss/search?q=Nigeria%20cost%20of%20living&hl=en-NG&gl=NG&ceid=NG%3Aen,https://news.google.com/rss/articles/CBMiZ0FVX3lxTE1VbU9Cek9FOWNuNUtTY3U5aGQybThXallaM1ptcXQ4OUdTSlM5V3pMc3RreVVBWWdXRlFJQnU5SFBITk92YlB0djFhbVZscXpqWl9JNVBmenpHM2xSMW1xNDFDSzJzQzA?oc=5,Nigerians' cost of living pain deepens as election looms,Nigerians' cost of living pain deepens as election looms - Reuters,"Mon, 10 Aug 2026 20:39:57 GMT",Reuters,www.reuters.com,2026-08-10 20:39:57+00:00,2026-08-14 12:10:20.027787+00:00,nigerians cost of living pain deepens as election looms,False,True,True,True
Nigeria cost of living,https://news.google.com/rss/search?q=Nigeria%20cost%20of%20living&hl=en-NG&gl=NG&ceid=NG%3Aen,https://news.google.com/rss/articles/CBMifEFVX3lxTE9zRnlQRl9nbXAzN0hKc0lLSXNyRGl0bjdMOHpWb0hTanRtT3JvUUlQNGRKRmxZNWpwaDgzdlZzRHFzbmJPbDlQY0JmeGVXWldMVVFPMld5SFdsS1VLU1lIZ0xZTFlYNDh3bE9JOXZjNW1UYlZKYV9vX3ZaQWk?oc=5,ABUJA METRO Cost of living: Abuja residents change eating habits,ABUJA METRO Cost of living: Abuja residents change eating habits - PressReader,"Tue, 11 Aug 2026 00:21:38 GMT",PressReader,www.pressreader.com,2026-08-11 00:21:38+00:00,2026-08-14 12:10:20.027787+00:00,abuja metro cost of living abuja residents change eating habits,False,True,True,True
Nigeria cost of living,https://news.google.com/rss/search?q=Nigeria%20cost%20of%20living&hl=en-NG&gl=NG&ceid=NG%3Aen,https://news.google.com/rss/articles/CBMilwFBVV95cUxQakx1NnFBUHNCbGhCX2VjVVFUR1NZVGpBNFk3eXBzcGZ3enF0M2V6R0VRYzhiZ1Bzc2M1em5aeXFnVl9vd2c2aDRZTDlFLVg3XzNGVFZwUWVwUlRRajRTMWZaRklWMGJVRmY4Z2JsME5za3FKMzRUaXNnY2IwOGk0UjU5TFByZGJyMlY2T3FHbTVZRi0zQXRj0gGWAUFVX3lxTFByRjIydU9zeEo1UHh0YTVuYm9lbzZsS0hLcnM4MDU4bTE4bm9SLU5JeVhaVEVMM3N2MkNqYzVCNXN0eVZiTVYtT2xLaGNBdUYwU2Q4bUNGX2V2SndweWJFdVVGbTZReDMtNGs5R1NmTmNwRngwRTNjTmVzQ3J0ZURkY0hzcE5tWHV0eGFOdTQ4MVc5RlJqdw?oc=5,Elections Draw Near as Cost of Living Rises in Nigeria,Elections Draw Near as Cost of Living Rises in Nigeria - Modern Ghana,"Tue, 11 Aug 2026 11:21:21 GMT",Modern Ghana,www.modernghana.com,2026-08-11 11:21:21+00:00,2026-08-14 12:10:20.027787+00:00,elections draw near as cost of living rises in nigeria,False,True,True,True
